CaseMasterID,CrimeNo,CaseNo,CrimeRegisteredDate,PolicePersonID,PoliceStationID,CaseCategoryID,GravityOffenceID,CrimeMajorHeadID,CaseStatusID,IncidentFromDate,latitude,longitude,BriefFacts
1,100080001202400001,202400001,2024-02-18,29,83,3,2,5,4,2024-02-15 11:06:24,15.166834387985924,76.93109594228025,Voluptatum fuga amet voluptatum sed fugit. Quam perferendis ut ducimus minima eligendi. Corporis assumenda distinctio reiciendis incidunt.
2,100010001202400002,202400002,2024-04-06,50,11,1,1,2,2,2024-04-03 17:18:37,12.980662147057629,77.63779120329627,Est consequatur aliquam dolorum tempore iure. Eveniet recusandae amet. Culpa rem consectetur cumque explicabo nisi.
3,100050001202500003,202500003,2025-05-13,4,51,3,2,3,3,2025-05-13 15:54:27,15.881759110599575,74.50961081488447,"Modi dolores repellendus labore. Id rem tempora enim harum nisi.
Ipsum aliquam labore impedit dolores. Tempora sunt explicabo occaecati deserunt vitae exercitationem. Est in odit autem minus."
4,100010001202300004,202300004,2023-09-24,21,15,1,1,2,4,2023-09-20 08:25:24,12.969377243542459,77.6433387112499,Officiis maiores eos quas odio qui dolorum. Quia dicta molestias distinctio ad earum similique. Ipsum laudantium enim praesentium.
5,100010001202500005,202500005,2025-12-04,6,12,2,2,5,3,2025-12-02 13:48:07,12.982322597042229,77.64225252419588,Sed eligendi nemo earum nisi sit dolores. Nihil nisi magnam distinctio laboriosam minus impedit.
6,100040001202400006,202400006,2024-06-15,16,44,2,1,5,3,2024-06-10 08:43:23,12.950217743877213,74.87288732977531,"Hic non ducimus aliquid sit recusandae. Aliquid magnam perferendis error architecto.
Voluptate quos tempora natus optio. Ad dolor totam numquam soluta. Quibusdam sapiente rem temporibus."
7,100010001202400007,202400007,2024-11-23,32,15,1,1,2,4,2024-11-20 08:38:24,13.003162775435113,77.56684845121212,Commodi ducimus officia fugit dolorem. Quibusdam quasi magni ut repellendus velit ipsam. Tempora possimus cumque quas.
8,100010001202500008,202500008,2025-01-28,43,12,2,1,1,1,2025-01-27 06:56:05,13.015306696868102,77.54493672746095,"Voluptas dolorum assumenda dignissimos aliquam.
Laboriosam a recusandae.
In delectus maxime repellendus. Cupiditate repellat rerum autem."
9,100030001202300009,202300009,2023-03-31,34,35,3,2,2,4,2023-03-31 17:50:12,15.400096775691438,75.16486704753753,"Amet iusto nisi illo dolore. Porro architecto ad quaerat quia possimus incidunt.
Nisi atque rerum odit. Ipsa dolor consectetur quod expedita."
10,100050001202400010,202400010,2024-12-26,10,52,3,2,2,1,2024-12-23 12:25:28,15.837857122755429,74.49131596067929,Tempora unde cum ab expedita. Accusantium labore exercitationem sit neque. Quo consectetur quibusdam quibusdam natus.
11,100040001202500011,202500011,2025-01-09,24,41,1,2,2,2,2025-01-07 00:59:19,12.872412781211384,74.82404961040037,Saepe iste error sunt harum assumenda. Aut perspiciatis natus vero. Perferendis ea asperiores voluptatibus repellendus neque.
12,100010001202500012,202500012,2025-06-01,33,15,3,2,5,3,2025-05-28 12:09:24,12.965655246866833,77.55549152660039,Optio nisi accusantium consequuntur. Vel vitae odio iste similique repudiandae. Praesentium quidem soluta voluptatum amet ullam.
13,100010001202500013,202500013,2025-06-09,35,13,1,1,3,1,2025-06-08 03:46:12,12.962070899520931,77.62776583130507,"Facilis asperiores porro facere.
Quisquam fugiat soluta cumque sint ipsa voluptatum.
At itaque ea eligendi. Asperiores dolorem perspiciatis odio sunt modi illo."
14,100010001202400014,202400014,2024-03-12,45,11,1,2,2,2,2024-03-09 18:06:27,13.014147330989692,77.5678950988646,"Praesentium doloremque est. Officiis facilis laboriosam provident labore ipsum sequi. Esse ratione assumenda vitae neque tempora.
Sit voluptatum eum illum. Veniam eveniet assumenda nostrum beatae."
15,100010001202600015,202600015,2026-02-08,32,13,3,2,5,1,2026-02-07 07:10:41,12.922579648829567,77.61239820258511,Ipsam non similique officiis fuga corporis. Molestiae quibusdam sequi.
16,100010001202300016,202300016,2023-05-04,8,15,3,1,5,1,2023-05-01 17:59:20,12.977982224294127,77.63140058599868,"Cumque tenetur dolorum provident illum. Tempore consequatur cum ab ad aliquam et.
Similique eum adipisci in commodi quae. Fugit nihil modi. Numquam dolores adipisci deserunt explicabo maiores."
17,100010001202500017,202500017,2025-04-05,30,12,2,2,1,2,2025-04-03 04:44:37,13.012611732459417,77.63696765778798,Vero odit sapiente hic. Dolore velit assumenda commodi repellat corporis. Occaecati quod minima quam delectus sunt delectus. Libero dolore eum rem maiores optio voluptates.
18,100080001202300018,202300018,2023-09-12,43,82,3,2,5,4,2023-09-07 06:21:43,15.16939539475144,76.94484189767994,"Odit impedit at. Alias dolorum rem consequatur possimus dignissimos.
Vero distinctio dolorum. Pariatur adipisci quos saepe. Corporis accusamus inventore architecto."
19,100010001202500019,202500019,2025-06-26,22,12,2,2,4,1,2025-06-22 20:10:35,12.951263866958396,77.5961198382172,Eveniet ab aspernatur corporis pariatur. Quam sunt animi consequuntur quaerat laboriosam.
20,100060001202300020,202300020,2023-10-23,48,62,1,2,2,1,2023-10-20 20:44:27,17.33497985001433,76.80828457763623,"Fuga suscipit ut ab. Unde at velit ducimus debitis.
Quaerat quisquam eum quod recusandae. Saepe minima harum. Magni quam fuga temporibus cumque rem."
21,100010001202500021,202500021,2025-10-19,43,13,3,2,2,3,2025-10-15 23:22:21,13.01010725123365,77.59389943454799,Cupiditate occaecati placeat debitis corporis pariatur autem. Similique alias mollitia labore. Nisi praesentium dolorem.
22,100010001202400022,202400022,2024-02-28,38,14,2,2,3,1,2024-02-25 02:52:32,12.952170098996612,77.58536580043393,Quam ut assumenda earum voluptatibus. Temporibus ducimus dolore distinctio.
23,100020001202600023,202600023,2026-02-09,17,21,2,1,5,4,2026-02-08 02:09:34,12.283551735694427,76.67281299239517,"Recusandae repellendus saepe possimus at amet. Cupiditate quaerat recusandae autem non corrupti animi.
Eaque dignissimos odio. Minus unde vero commodi quam distinctio ex."
24,100050001202500024,202500024,2025-11-21,1,55,2,1,5,1,2025-11-16 17:36:51,15.882121896928403,74.49229283431698,"Quisquam ut odio fugit. Dolore cumque fuga impedit.
Deleniti consequatur quis corrupti ut eius. Nostrum ullam quam tenetur esse. Facere quas qui voluptas."
25,100010001202300025,202300025,2023-08-05,18,12,2,1,2,2,2023-08-01 08:56:55,12.964997143773466,77.56436049024842,Consectetur omnis qui quisquam sit eos mollitia occaecati. Autem officia iure facilis necessitatibus.
26,100020001202600026,202600026,2026-03-17,32,22,2,1,5,3,2026-03-14 21:36:11,12.289132580174153,76.64920463437717,"Repudiandae dolor error nulla blanditiis quia. Inventore ratione tempore mollitia.
Reiciendis earum eligendi libero soluta officia quo veniam. Ullam ab tempore tempora."
27,100010001202400027,202400027,2024-02-29,18,14,2,1,5,2,2024-02-24 06:54:41,12.977269841707454,77.57801092895627,Ratione inventore occaecati unde libero deleniti. Voluptatum dicta esse sapiente possimus. Numquam tempore sunt molestiae.
28,100020001202400028,202400028,2024-01-24,5,21,1,2,2,4,2024-01-23 03:45:15,12.282353321523695,76.65643287677447,Sit molestiae placeat animi possimus reiciendis quae ab. Id aliquam deleniti officiis laborum quas.
29,100020001202300029,202300029,2023-12-02,39,25,3,2,4,1,2023-11-29 22:15:35,12.335302817416617,76.60707660439726,Repellendus sint est repellendus dicta esse maxime neque. Quis esse occaecati harum.
30,100050001202400030,202400030,2024-09-01,39,53,3,2,5,3,2024-08-30 10:37:21,15.868194496729718,74.47351189432179,Officia quae necessitatibus veniam eveniet tenetur. Aspernatur quas eaque veritatis adipisci.
31,100080001202300031,202300031,2023-11-25,21,81,1,1,5,3,2023-11-21 15:03:33,15.150556582484818,76.95341374294387,"Necessitatibus similique fuga id vitae. Dolor pariatur adipisci nemo exercitationem eligendi mollitia. Aut alias ratione ea tempore.
In numquam vero enim. Eligendi quisquam sunt mollitia."
32,100010001202500032,202500032,2025-08-02,21,12,3,2,2,1,2025-08-02 04:25:34,12.921693512214803,77.59301372023067,Aperiam iste soluta explicabo officiis repellendus dolorem. Eaque unde dignissimos aut at blanditiis consequatur. Corrupti et est impedit ipsam.
33,100010001202300033,202300033,2023-12-24,33,13,2,1,4,1,2023-12-22 22:57:05,13.01214544235713,77.54784978201029,Illo recusandae ad soluta. Consequuntur expedita ipsa ipsa quo facilis. Tempore iure aspernatur quo dolorum ea.
34,100050001202300034,202300034,2023-04-25,39,55,2,2,5,3,2023-04-25 07:01:23,15.847134116034525,74.53845824295068,"Blanditiis commodi illo. Eaque omnis dicta fuga.
Eligendi distinctio alias fugiat error distinctio numquam.
Vero asperiores perferendis. Omnis nobis tenetur porro expedita eligendi necessitatibus."
35,100010001202600035,202600035,2026-04-25,12,14,3,1,3,4,2026-04-25 16:51:07,12.939772802686635,77.61531947681172,Commodi perferendis eius esse libero. Nisi laboriosam et delectus numquam sapiente quia itaque. Maiores eligendi nihil quod nobis expedita. Delectus aspernatur asperiores aut.
36,100010001202500036,202500036,2025-07-11,31,13,1,1,2,4,2025-07-08 03:41:11,12.955392813362186,77.5719740851392,"Suscipit reprehenderit voluptatem distinctio aliquid ab. Corrupti laborum dolorem nam nisi quasi.
Dolor vel suscipit ex. Fugiat maiores iure repellat doloribus id."
37,100010001202500037,202500037,2025-08-17,24,14,3,1,3,1,2025-08-14 20:28:57,12.966810755920802,77.54514433743286,Sunt molestiae consequuntur deserunt sed. Exercitationem tempora autem praesentium.
38,100010001202400038,202400038,2024-11-12,2,11,2,1,5,2,2024-11-10 22:35:10,12.964317757854122,77.57961594643777,"Mollitia placeat vel aperiam fugiat accusamus animi. Molestias asperiores debitis nihil fugit magni.
Aliquid corrupti esse quae eos voluptas. Iusto asperiores temporibus ullam totam architecto."
39,100070001202300039,202300039,2023-08-05,28,74,3,2,2,3,2023-08-04 08:01:25,14.450768252956427,75.95327079244822,Totam nulla quibusdam repellendus alias dolorem earum vero. Quo maiores nihil impedit.
40,100030001202500040,202500040,2025-02-17,2,35,3,1,2,1,2025-02-17 20:05:02,15.411331322077787,75.14383737349041,Delectus est ducimus soluta. Minima explicabo sequi atque.
41,100010001202600041,202600041,2026-05-19,37,11,3,1,4,2,2026-05-19 21:13:26,12.96861316875661,77.58297244389023,"Debitis dolores ab.
Quam ullam voluptatibus. Non eum fugiat nam. Aspernatur qui debitis molestiae quia."
42,100010001202500042,202500042,2025-09-04,39,11,3,2,2,3,2025-08-31 11:21:11,12.957509320026585,77.54997467126728,Veniam incidunt eaque praesentium doloremque molestiae. Nulla accusantium voluptatum facilis saepe.
43,100050001202400043,202400043,2024-01-24,15,52,3,2,5,3,2024-01-19 16:02:28,15.896222256982352,74.48237400400298,"Minima mollitia porro libero. Accusamus maiores nisi.
Velit nobis asperiores perferendis. Ea neque possimus minima quod.
Quod eligendi quaerat occaecati earum. Dicta pariatur necessitatibus eos vero."
44,100050001202300044,202300044,2023-08-05,50,55,3,1,5,1,2023-08-05 20:29:17,15.825323207034222,74.47696285529271,Exercitationem ratione quidem perferendis eligendi odit. Praesentium quasi provident inventore alias ab. Perspiciatis eveniet sequi tempora consequuntur facilis laudantium.
45,100010001202300045,202300045,2023-06-23,8,12,1,1,5,1,2023-06-22 11:06:33,12.95855804941964,77.60847164335902,Odit incidunt officia dolorem vel consequatur tenetur. Similique quo est.
46,100040001202400046,202400046,2024-06-11,24,43,2,1,2,4,2024-06-09 06:55:13,12.899382590891081,74.84131957245731,Ipsa reprehenderit dolor quas. Minus enim mollitia corporis provident alias perspiciatis. Error sunt atque ab laudantium.
47,100010001202400047,202400047,2024-03-08,13,12,1,1,2,2,2024-03-08 17:38:06,12.966796724792163,77.61097552833144,Assumenda rem quod nihil inventore perspiciatis minus dicta. Tenetur dolorum pariatur alias facilis aspernatur. Deserunt et provident dolor a atque deserunt corporis.
48,100010001202500048,202500048,2025-06-25,30,15,1,1,2,2,2025-06-24 07:34:14,12.981652502509244,77.56583432735253,"Porro voluptas consequuntur delectus. Ut labore sequi sequi.
Facilis occaecati illo odit. Quo placeat enim architecto blanditiis blanditiis iusto. Repudiandae vero sed temporibus tempore dolorum."
49,100010001202300049,202300049,2023-03-15,34,14,1,2,3,3,2023-03-15 16:32:44,12.962874257938804,77.5699715559915,Rerum dolore officiis exercitationem laboriosam qui soluta. Quo et placeat ad debitis. Deserunt libero doloremque earum error.
50,100020001202500050,202500050,2025-03-14,5,25,3,2,3,2,2025-03-09 22:03:55,12.318055524450727,76.63714178829525,"Pariatur eius voluptate accusamus est in quos. Odit occaecati blanditiis laboriosam corrupti commodi.
Et ipsa quis ipsa itaque. Explicabo ex nesciunt rem dolorem sapiente."
51,100010001202400051,202400051,2024-10-26,19,13,1,2,2,2,2024-10-25 22:28:46,12.99129593289894,77.60371660850593,Ducimus tempora eius quibusdam vitae sunt beatae. Tempora fuga praesentium accusantium dolore hic blanditiis architecto. Laboriosam neque quo.
52,100080001202600052,202600052,2026-02-17,43,81,1,2,1,1,2026-02-14 13:02:28,15.114971773934556,76.87999561726372,"Soluta possimus sapiente alias illum mollitia quam.
Enim aliquid fugiat quisquam adipisci sit. Suscipit error soluta natus dignissimos quam tempora."
53,100030001202500053,202500053,2025-09-25,5,33,2,2,4,2,2025-09-23 13:29:53,15.405952360456379,75.08226918822963,"Sapiente numquam laboriosam. Ullam accusantium recusandae qui. Temporibus id eveniet sint aliquam.
Qui inventore distinctio est."
54,100030001202500054,202500054,2025-02-07,2,34,3,1,5,2,2025-02-03 02:26:37,15.372177491619517,75.12957656648328,"Totam quasi eligendi numquam eveniet corporis. Quia aliquid reprehenderit voluptate.
Ratione sed delectus maxime perferendis. Quibusdam cupiditate eius laudantium."
55,100070001202500055,202500055,2025-05-19,28,73,2,2,2,2,2025-05-16 14:35:46,14.503609100018021,75.96072836882618,Odit error veniam deleniti a consectetur nisi. Quisquam praesentium facilis voluptates rerum. Nobis a dicta possimus tempora esse ratione ducimus.
56,100040001202400056,202400056,2024-08-30,47,43,3,2,3,1,2024-08-28 04:56:21,12.87207578826649,74.8248569037384,Sequi eveniet exercitationem dolor sint suscipit expedita. Quam perferendis temporibus rem. Quos harum neque quam labore quia possimus. Dolorum maxime iste eum veritatis aliquam molestias aliquam.
57,100010001202400057,202400057,2024-08-08,38,15,1,1,5,2,2024-08-08 20:03:55,12.971866348350378,77.56090222597838,"Distinctio deleniti hic blanditiis. Maiores odio quo culpa.
Necessitatibus voluptates ab dicta. Animi expedita quidem. Beatae quasi illo officia."
58,100030001202600058,202600058,2026-03-22,11,31,2,1,5,4,2026-03-22 18:20:39,15.37992172087449,75.08889330604674,"Placeat quidem provident rerum sint debitis. Iusto vel beatae ut odio voluptates dolore.
Vero quis commodi repellat eius recusandae ipsum. Vel consequuntur cum aperiam corrupti delectus hic iste."
59,100010001202400059,202400059,2024-12-16,15,14,3,1,5,3,2024-12-13 20:43:30,12.955875154217862,77.57125871303302,"Ipsam vitae necessitatibus qui aspernatur doloribus fugiat. A ad repellat enim animi.
Facilis quia vel. Impedit assumenda repellendus excepturi."
60,100020001202400060,202400060,2024-08-24,35,21,2,2,2,4,2024-08-20 21:34:13,12.25944713704117,76.61555817505442,"Dolorum itaque quasi enim laboriosam ipsam quos. Dolorum fugit doloremque maxime.
Debitis quod aut veniam. Error doloribus officia earum unde iusto. Tempora numquam ut et praesentium occaecati."
61,100080001202400061,202400061,2024-03-24,6,85,2,2,2,3,2024-03-19 10:14:30,15.132023783080134,76.96635902371965,"Sunt aspernatur ducimus provident. Quis odio soluta illo saepe magni iusto. In fugiat quis quas quae iste odio.
Laborum nihil qui vitae odio. Corporis ad deleniti eos."
62,100020001202400062,202400062,2024-06-04,48,22,2,1,2,2,2024-06-04 00:44:13,12.34083472326831,76.62364541100148,Numquam repellendus est eaque voluptatibus laboriosam ipsam. Suscipit quaerat velit reiciendis eligendi necessitatibus.
63,100060001202500063,202500063,2025-09-08,14,64,3,2,2,4,2025-09-07 17:51:00,17.315636025989125,76.8287346681257,"Saepe laborum vel eligendi maxime repellat.
Deserunt amet aliquam libero alias adipisci fugiat. Dolores placeat excepturi totam. Amet tempore nostrum dolorum quod eum cupiditate."
64,100010001202500064,202500064,2025-11-16,11,14,1,1,4,1,2025-11-12 08:39:58,12.967578144145726,77.62262512721858,Enim neque explicabo dolorem enim corporis occaecati. Expedita ad animi repellendus unde pariatur totam. Voluptas officia ipsa quaerat dolor ab.
65,100010001202600065,202600065,2026-05-12,21,13,1,1,5,4,2026-05-08 15:34:44,12.922439427795597,77.63956154048687,"Nam commodi modi fuga. Iusto dolore facilis molestiae vitae eius.
A quisquam magni totam nostrum nobis optio. Beatae consequatur eaque facilis. Accusamus ad reprehenderit fugiat."
66,100020001202600066,202600066,2026-04-01,20,25,3,2,3,1,2026-03-30 11:03:34,12.33951611301253,76.60347708248852,"Culpa eum vero quibusdam quibusdam quaerat. Atque quod incidunt assumenda.
Magnam sint quo temporibus. Reprehenderit explicabo illo beatae expedita illo ipsam."
67,100010001202400067,202400067,2024-05-31,31,12,2,1,3,3,2024-05-28 11:02:41,12.972901101632006,77.57506854589829,Cumque aut tempora architecto placeat labore. Veritatis ut rem omnis quos voluptatibus. Exercitationem ea nobis totam.
68,100010001202400068,202400068,2024-09-10,28,14,1,1,5,4,2024-09-07 03:27:38,12.938672941069676,77.58848223048284,Molestias pariatur optio iste impedit. Quos necessitatibus quaerat quasi iste eius. Natus maiores expedita. Ad nostrum provident impedit quasi.
69,100020001202300069,202300069,2023-06-15,30,25,2,2,5,4,2023-06-13 08:49:22,12.307250061251588,76.64947655014058,Illo beatae optio illo itaque temporibus vero. In aliquam sunt beatae adipisci. Placeat saepe sapiente suscipit aliquam nihil.
70,100010001202300070,202300070,2023-07-29,12,12,1,1,2,4,2023-07-28 09:27:59,12.978712828826254,77.61297204709379,Iste deleniti ea minus quibusdam quisquam minus. Nostrum ad nesciunt dolor. Exercitationem incidunt iure numquam distinctio.
71,100070001202400071,202400071,2024-01-23,24,72,3,1,1,1,2024-01-23 07:15:04,14.475031075030678,75.89236712959215,"Placeat inventore pariatur consectetur. Laboriosam vel minima.
Eum non cum eos odio eos natus. Ipsam similique commodi iusto ex eius quisquam. Explicabo quo provident officiis."
72,100010001202500072,202500072,2025-01-15,21,14,3,2,3,2,2025-01-14 14:01:53,12.939096151769753,77.59050997454862,Beatae sint earum magnam magnam. Doloribus odit a dolores praesentium pariatur. Vero voluptatem blanditiis culpa reprehenderit reiciendis deserunt assumenda.
73,100060001202600073,202600073,2026-06-11,19,64,1,1,5,1,2026-06-10 12:59:22,17.35860596066202,76.87543324360871,Corporis fuga eveniet beatae nihil distinctio laborum. Facere quia nisi mollitia. Nam eligendi quod ipsa.
74,100010001202600074,202600074,2026-01-08,5,15,2,2,5,1,2026-01-06 19:12:28,12.962375208427115,77.56913563703293,"Rerum qui amet ducimus laboriosam magni unde.
Fuga eligendi animi labore ducimus.
Porro sequi hic modi ullam nobis omnis. Error eveniet consequuntur ad tenetur harum."
75,100010001202300075,202300075,2023-06-07,16,11,3,1,4,1,2023-06-07 14:00:16,12.93989809458571,77.5625871365561,Laborum dolore illum sapiente quaerat odit. Totam aliquam vel eius cum fugiat. Aspernatur earum quae repudiandae iusto. Iste nobis autem.
76,100020001202600076,202600076,2026-05-13,32,25,3,2,1,2,2026-05-13 11:21:48,12.309640049493629,76.65529263261097,Ab totam fugiat blanditiis. Vero reprehenderit similique aspernatur modi eligendi. Illum itaque deleniti.
77,100010001202600077,202600077,2026-06-03,2,13,1,2,2,4,2026-06-03 07:08:46,12.979113867747087,77.58723561996992,Aut temporibus soluta est amet. Facilis ratione hic dolore quas dolorum. Perspiciatis assumenda aliquid id maxime quas.
78,100050001202400078,202400078,2024-11-11,27,54,2,2,3,4,2024-11-10 03:36:45,15.835048114088357,74.48804281332792,"Atque ullam sint molestiae voluptas blanditiis aut. Enim sequi voluptas in.
Aut dolore quis aut id architecto reprehenderit. Perferendis officia ducimus occaecati. Ex delectus consequatur quae hic."
79,100010001202500079,202500079,2025-11-08,39,11,1,2,5,4,2025-11-03 02:18:22,12.98305555746871,77.568873481398,"Minus recusandae tempore voluptate excepturi accusantium qui. Quo eaque accusamus.
Soluta deserunt tenetur. Dolorem esse vitae officiis neque."
80,100010001202400080,202400080,2024-03-03,6,12,1,2,2,3,2024-03-01 10:52:24,13.004385642542799,77.55776021982855,Amet numquam quae tempore vero quas ipsum. Reprehenderit quo totam iure doloremque veritatis occaecati fugiat. Porro nostrum commodi vel commodi omnis nobis.
81,100020001202600081,202600081,2026-04-22,9,24,1,1,3,3,2026-04-21 07:25:26,12.313806505634739,76.67372268297234,"Veniam nulla excepturi ea. Ipsa vel rem quos. Voluptate aperiam amet ad at nesciunt quod facilis.
Accusamus praesentium aspernatur animi. Unde nemo quod consequuntur."
82,100010001202500082,202500082,2025-06-07,50,11,1,2,2,4,2025-06-04 18:33:19,12.962823187568484,77.634465139666,"Veniam alias doloribus. Illum consequatur molestias rerum harum sint.
Aliquam eaque ipsum excepturi delectus magni cupiditate."
83,100060001202300083,202300083,2023-08-05,15,63,3,2,2,1,2023-08-04 05:15:57,17.362629429468228,76.78533951234886,"Similique accusantium corporis. Laboriosam placeat occaecati minus. Inventore dicta reprehenderit harum.
Velit quod ratione possimus. Eveniet impedit possimus eius aut delectus."
84,100010001202400084,202400084,2024-06-17,14,11,2,2,4,4,2024-06-16 03:57:27,13.010749519045909,77.61949865324057,Perferendis consectetur fuga velit dolorum quam officiis saepe. Voluptate similique ex repellat. Laboriosam nulla nemo tenetur magni ad qui.
85,100060001202300085,202300085,2023-07-06,16,61,3,1,2,4,2023-07-02 11:07:37,17.31639940646758,76.84569829229854,Molestiae minus eaque tenetur impedit repellat necessitatibus asperiores. Eveniet omnis consequuntur optio voluptatem. Velit harum explicabo commodi impedit illo laboriosam fugiat.
86,100030001202500086,202500086,2025-07-18,25,35,1,1,2,1,2025-07-15 16:51:23,15.371473237135714,75.09987561813459,"Assumenda tempore eum illum quae. Ducimus culpa eaque sapiente labore.
A repellat impedit. Maxime velit commodi. Odit magnam magni tempore blanditiis odit itaque."
87,100010001202500087,202500087,2025-08-22,36,12,2,2,2,3,2025-08-17 06:42:41,13.02097944423339,77.62429063473088,Alias vero dolore minus numquam voluptates. Non magnam aliquam occaecati ullam itaque veritatis.
88,100010001202500088,202500088,2025-08-18,36,11,2,2,5,2,2025-08-18 14:29:14,12.958184767368587,77.5530209076457,"Dolorem perferendis consequatur earum vel. Architecto minus saepe iste reprehenderit. Minus recusandae quia nesciunt necessitatibus fugiat dolorem.
Optio expedita tempore. Ab maiores maiores."
89,100010001202300089,202300089,2023-05-14,19,15,2,2,4,3,2023-05-13 02:30:03,12.984716202454418,77.55975743638207,Doloribus minima accusantium officiis debitis veritatis fugiat. Consequatur pariatur quasi totam modi. Sunt voluptas iste ex a.
90,100010001202300090,202300090,2023-05-06,2,13,2,2,2,3,2023-05-04 13:18:52,12.953962929131915,77.60159012102397,"Reiciendis velit repellat velit vel. Voluptate rem dolore maxime quo. Et aut perspiciatis id assumenda corporis.
Ut magni sed id pariatur accusamus ex. Nihil exercitationem maiores suscipit."
91,100010001202400091,202400091,2024-07-06,29,15,2,1,5,2,2024-07-06 11:27:48,12.981304726431187,77.64025568480432,Asperiores corporis a aspernatur enim iste. Voluptatum ab sed nihil tempora laboriosam sunt.
92,100010001202400092,202400092,2024-04-26,26,12,1,2,5,4,2024-04-26 01:05:30,13.00684882002707,77.60865944537957,Amet ratione quas maxime. Quod quod laudantium eaque. Pariatur qui expedita occaecati.
93,100020001202300093,202300093,2023-12-24,43,22,3,1,1,1,2023-12-24 07:13:26,12.33469422021082,76.67851978841891,Sunt velit nesciunt itaque. Soluta consequuntur ut voluptas consectetur sapiente ipsam. Incidunt dolor quia possimus.
94,100020001202500094,202500094,2025-02-20,19,21,2,2,2,2,2025-02-15 18:18:45,12.308735382192571,76.60728291392697,Nobis nesciunt expedita reprehenderit similique repellendus magni perferendis. Ipsam porro temporibus ut.
95,100050001202300095,202300095,2023-05-26,18,55,2,2,1,4,2023-05-25 22:39:56,15.884840848957603,74.54758661007142,"Fugit iusto nulla accusamus fugit commodi. Ut nam eveniet voluptate.
Velit alias saepe aliquid illum sequi. Dolores quasi adipisci in quos iste veritatis."
96,100070001202600096,202600096,2026-04-27,35,74,2,1,2,3,2026-04-27 16:21:13,14.47584257559305,75.88806633930196,Alias fugit praesentium magnam voluptatem. Porro est numquam perspiciatis magni dolor. Voluptas quidem saepe velit accusamus ex.
97,100010001202300097,202300097,2023-12-20,49,13,1,1,2,2,2023-12-20 15:28:06,12.978825411795334,77.63015695214376,Soluta nisi omnis labore dolore ipsam veritatis. Reiciendis ipsam libero nam sapiente. Dolorem maiores illo consequatur.
98,100010001202400098,202400098,2024-09-20,28,14,2,2,3,2,2024-09-20 05:13:19,12.95609267203087,77.5814197358376,Nam pariatur delectus quidem quibusdam. Perspiciatis alias voluptate amet vel nesciunt exercitationem ex. Accusamus molestias atque cum laboriosam iure. Iusto tenetur ducimus veritatis.
99,100010001202300099,202300099,2023-12-01,48,14,1,1,2,4,2023-11-27 05:04:14,12.984298019001946,77.55507034225543,Dolorum temporibus facilis modi. Perferendis animi repellendus laborum. Fugit reprehenderit dolorem assumenda.
100,100010001202500100,202500100,2025-09-28,18,14,3,1,2,2,2025-09-26 23:32:43,12.928116583730993,77.60557229440248,"Quos quasi harum ullam.
Unde dolore odio voluptates. Voluptatibus dolorum eum ut possimus architecto.
Necessitatibus aperiam veritatis autem amet esse. Numquam ipsa quisquam illum."
101,100060001202300101,202300101,2023-03-25,20,65,1,1,1,4,2023-03-22 01:01:53,17.314416056388286,76.85265465518,"Tempora deserunt laborum aut blanditiis officia. Cumque deleniti dolor eos nostrum.
Modi beatae aliquam odit minus. Modi aspernatur libero. Omnis deleniti magni facilis."
102,100080001202400102,202400102,2024-07-02,8,83,2,2,3,3,2024-06-29 04:57:20,15.184731441628928,76.92103620731767,Dignissimos repudiandae laborum dolorem explicabo. Deleniti eligendi doloribus. Cupiditate asperiores quae illo nostrum cumque quo.
103,100010001202300103,202300103,2023-11-22,13,13,1,2,4,2,2023-11-17 20:27:54,12.99042179342037,77.62893882907169,"Repellat temporibus modi inventore dolor doloribus. Reiciendis quo cum totam provident.
Hic earum aliquid eos occaecati. Rerum dolorum iste voluptatum animi. Ad eius a consequuntur aliquam."
104,100020001202400104,202400104,2024-02-03,13,21,2,1,2,3,2024-01-31 02:36:51,12.302491421788835,76.6687861008259,"Rerum ad impedit voluptas. Architecto iste minus iusto magnam praesentium. Fugiat cum et iste.
Laudantium nam itaque facere totam."
105,100050001202600105,202600105,2026-04-21,7,53,1,2,2,4,2026-04-18 01:06:25,15.823390101888378,74.45255338827931,"Eius ex hic omnis commodi reprehenderit illo.
Debitis expedita illum quibusdam earum. Doloremque pariatur eum non voluptates assumenda vel. Magni illum ipsam exercitationem asperiores."
106,100010001202300106,202300106,2023-03-16,1,15,3,1,5,2,2023-03-11 12:01:05,12.94531326002126,77.55692423691937,Nisi iste fugiat dolor doloribus in neque possimus. Nihil laudantium deserunt quia at saepe id eaque. Quidem doloribus maxime consequuntur quia eaque odit.
107,100010001202500107,202500107,2025-12-14,34,11,1,1,1,1,2025-12-09 19:34:26,13.019887647559832,77.60358562119995,Sed ipsam quidem commodi officia. Est veniam fuga vel tenetur molestias. Quo omnis ab eaque earum facere quis. Sed repellat molestiae ullam eaque maiores aut.
108,100010001202600108,202600108,2026-07-14,47,15,2,2,2,1,2026-07-09 21:57:41,12.934394843886654,77.62096907616593,Atque veniam officia quia totam. Enim atque itaque numquam dicta a. Molestiae adipisci odio officiis debitis amet corrupti cumque.
109,100010001202600109,202600109,2026-05-21,1,14,1,1,3,1,2026-05-20 14:49:25,13.01920353432698,77.59248256212976,Similique corporis omnis nam perferendis non. Unde autem ex magni architecto. Nulla labore hic. Consequuntur ab dignissimos vel consequatur numquam atque.
110,100070001202400110,202400110,2024-03-15,48,72,3,1,5,2,2024-03-15 05:06:33,14.512040915736304,75.87667311923252,Inventore nam provident vitae nostrum natus. Veniam porro optio in. Unde eos reiciendis dolore ipsum omnis accusamus.
111,100010001202500111,202500111,2025-07-21,22,12,3,2,2,3,2025-07-16 03:33:51,12.93360349104437,77.61625501158612,"Praesentium quidem a sequi. Modi dolor iure eaque porro laboriosam.
Sequi debitis iure possimus est cum nobis fuga. Molestiae et ratione."
112,100010001202400112,202400112,2024-07-02,32,15,1,1,5,4,2024-06-28 01:28:25,12.951008747354159,77.61276781933668,"Veritatis error culpa quaerat cumque placeat. Ex possimus exercitationem nobis est earum maiores. Nam fugiat velit quis.
Maxime officiis ipsa voluptas."
113,100010001202400113,202400113,2024-06-25,45,14,1,1,5,4,2024-06-22 18:47:18,12.991365374038645,77.56233631382138,Quidem a aliquid fugit. In numquam officiis molestias aspernatur numquam doloribus. Dolores a eum illo.
114,100010001202500114,202500114,2025-08-08,11,14,3,2,5,3,2025-08-05 20:31:46,12.994947581012967,77.58383042353498,Nostrum ratione nobis quas sit tempora deserunt. Hic neque rerum aliquid est. Rem natus labore nobis facere. Aliquam tempore neque quisquam.
115,100040001202500115,202500115,2025-01-13,23,41,3,1,2,1,2025-01-10 07:57:01,12.899371932239236,74.8240190848916,Beatae nihil iure delectus sapiente repellendus. Eveniet sapiente dicta culpa esse magnam asperiores quis. Possimus explicabo similique molestias vero.
116,100050001202500116,202500116,2025-03-04,5,51,2,2,1,1,2025-03-02 07:32:20,15.859480287795677,74.53295592125174,"Nisi eligendi vitae aliquam. Nobis dignissimos nostrum suscipit modi veritatis reprehenderit. Laborum unde vitae unde expedita.
Sunt fugit sint iste molestiae perferendis. Dignissimos odit sint."
117,100080001202500117,202500117,2025-06-18,15,85,2,2,5,4,2025-06-16 09:00:38,15.176486515859924,76.87902349343295,"Magnam eum explicabo doloremque distinctio ex. Voluptate eos temporibus voluptates eligendi. Et ab dolores quia nostrum ea adipisci.
Eaque ipsum recusandae dicta. Unde esse dignissimos."
118,100070001202400118,202400118,2024-02-24,33,71,1,1,2,2,2024-02-24 11:32:45,14.418649411562587,75.89064820376268,Necessitatibus laboriosam praesentium repellat. Illo ducimus doloribus voluptate nesciunt vel est est. Harum delectus expedita nemo quas.
119,100010001202300119,202300119,2023-09-04,41,15,2,1,2,2,2023-09-03 22:36:15,12.978843305717813,77.56681855820344,"Dicta amet tempora quis nemo nihil in magni. Culpa aut doloribus architecto.
Perferendis velit voluptatum enim. Delectus sit quibusdam magni libero sit non et."
120,100010001202600120,202600120,2026-02-10,31,14,2,2,1,3,2026-02-08 09:19:46,12.940653603733955,77.56546030362136,"Dicta iste non architecto. Dolore beatae sunt commodi tempore eos aperiam.
Modi explicabo pariatur dolorem. Quisquam corrupti laboriosam quasi. Ullam nostrum eveniet incidunt at."
121,100080001202500121,202500121,2025-10-24,35,85,3,1,2,1,2025-10-21 08:53:09,15.16143723257513,76.90351851498095,"Repellendus harum repudiandae quae expedita modi. Velit libero ea placeat incidunt atque.
Est consectetur beatae corrupti repellat modi. Modi quia animi illo."
122,100050001202600122,202600122,2026-06-04,15,54,2,2,2,3,2026-06-02 12:21:03,15.801607355792248,74.53125582783663,At suscipit quae explicabo numquam voluptatum odio odio. Debitis placeat ex delectus soluta inventore. Rerum illum labore delectus.
123,100070001202300123,202300123,2023-10-30,46,72,2,2,2,2,2023-10-27 15:21:12,14.447308851702337,75.92622715443937,"Magnam quasi impedit laboriosam explicabo odit. Nihil esse libero dolorem quae.
Consequatur aliquid neque omnis laboriosam quam maxime. Modi unde eius. Consectetur molestiae accusamus."
124,100060001202400124,202400124,2024-03-17,25,63,3,1,3,3,2024-03-17 10:14:44,17.358824503246698,76.79235082270694,Consectetur minima officia quidem tenetur iure eos. Quia ut vero eaque amet accusantium assumenda qui. Vero non optio iure aliquam.
125,100020001202400125,202400125,2024-08-10,41,22,3,2,5,3,2024-08-10 02:45:58,12.27891911939115,76.64045577533753,Laborum hic dolorem alias. Rerum similique libero ipsam.
126,100060001202500126,202500126,2025-11-04,46,65,2,1,3,1,2025-10-31 08:03:00,17.360552766884947,76.7976024141702,"Molestiae quaerat nulla quia.
Nulla consequuntur voluptatem nemo possimus et. Adipisci commodi nemo natus delectus repudiandae repellat."
127,100020001202400127,202400127,2024-11-26,24,21,1,2,5,4,2024-11-21 11:42:47,12.3282912436728,76.642004782861,Nesciunt at nihil quod esse deserunt vel. Sapiente illum recusandae laudantium dicta blanditiis quas.
128,100010001202500128,202500128,2025-02-18,47,11,2,1,5,3,2025-02-14 16:46:29,13.00584951397175,77.56249428253327,Provident qui reprehenderit sit laboriosam. Eius pariatur aspernatur esse odit sed beatae. Numquam a libero nostrum aliquid. Alias provident nemo.
129,100050001202500129,202500129,2025-09-10,3,55,2,1,2,3,2025-09-07 18:42:37,15.866984668665975,74.46237042014403,Repellendus animi praesentium quaerat. Et expedita corporis provident officiis dolores praesentium. Fugiat veritatis magnam possimus nisi enim aperiam.
130,100010001202500130,202500130,2025-03-20,48,14,1,2,5,4,2025-03-20 15:13:22,12.95703651208207,77.54781370500419,Atque voluptate tempora. Adipisci recusandae architecto commodi magni ipsum pariatur. Repellat quaerat non earum ut voluptas molestiae sunt.
131,100010001202400131,202400131,2024-12-19,48,12,2,1,2,2,2024-12-17 17:45:37,12.9733109894179,77.63362925262382,Blanditiis doloremque esse odit. Libero explicabo impedit labore. Culpa aperiam sunt dicta dolore.
132,100060001202400132,202400132,2024-06-18,6,65,2,2,3,4,2024-06-18 18:35:49,17.36051525448919,76.8568461635751,Praesentium itaque velit vel. Officia maiores voluptatem dolore tempora exercitationem voluptatibus cupiditate.
133,100010001202600133,202600133,2026-02-19,30,11,3,2,5,1,2026-02-15 17:46:58,12.923613156858837,77.58678926449221,"Inventore ut in odit. Sint quod porro iusto odio.
Quisquam vero velit earum a nulla velit. Quae unde repellendus possimus iste."
134,100030001202400134,202400134,2024-12-21,15,35,1,1,2,3,2024-12-17 18:56:33,15.315276789704582,75.10297869924251,Ut minus cupiditate quisquam porro. Sequi at tenetur reiciendis a explicabo.
135,100010001202300135,202300135,2023-12-12,5,15,1,2,2,3,2023-12-12 12:02:13,12.969739302830217,77.64343671091974,"Sapiente sequi necessitatibus soluta sit odio sit. Maiores porro ipsa similique nulla.
Magni eligendi corrupti natus similique culpa sapiente. Culpa rem aut in asperiores sint dolore."
136,100010001202600136,202600136,2026-05-04,27,15,2,1,3,1,2026-04-30 12:51:20,12.990231426328563,77.55387814972937,"Perferendis repudiandae sint provident eaque illo totam odit. Perspiciatis sed voluptates officia molestias.
In at recusandae ipsam voluptas mollitia."
137,100050001202500137,202500137,2025-01-03,11,52,1,2,5,2,2025-01-03 23:04:49,15.865700052325243,74.53312640897201,Modi illum consequatur. Ad ea quas id.
138,100070001202400138,202400138,2024-02-17,18,74,2,1,5,3,2024-02-13 04:32:40,14.443050141690422,75.88503678858754,"Quis dolorum adipisci. Iure magnam cum exercitationem.
Quae vero iusto.
Pariatur laudantium autem aliquid distinctio tempore. Deleniti soluta commodi temporibus officia nesciunt praesentium."
139,100010001202400139,202400139,2024-01-07,18,13,1,1,3,1,2024-01-04 01:53:20,12.9710443483267,77.6145158067922,Vero reiciendis architecto maxime. Incidunt quibusdam repudiandae ex. Vitae eveniet distinctio quia possimus iure et quibusdam.
140,100010001202300140,202300140,2023-01-03,1,15,2,1,2,4,2023-01-03 06:49:17,12.957845639031401,77.6146718671968,Recusandae omnis rem ad. Nostrum autem dolore omnis voluptas adipisci illo quam.
141,100010001202300141,202300141,2023-12-27,9,15,1,1,1,4,2023-12-26 10:21:40,12.996159827404888,77.61869445705472,"Illum ipsa iusto non dignissimos quo.
Repellat error quae laborum debitis. Autem voluptas consectetur ut. Vero eaque corrupti omnis quo consequatur."
142,100050001202500142,202500142,2025-09-24,20,51,3,2,2,1,2025-09-21 12:28:41,15.844996939465409,74.54318360794942,"Facilis voluptatem est. Minima molestias quas accusamus.
Maxime minima consequuntur repellat mollitia tenetur. Quis consectetur nostrum ut sequi hic."
143,100050001202600143,202600143,2026-07-11,40,55,3,1,5,4,2026-07-08 03:07:21,15.893296452758918,74.5218583793693,"Vero veniam ipsum saepe. Error cupiditate minus mollitia fugit.
Quidem beatae quam. Fuga eos eos dolor dicta commodi."
144,100010001202600144,202600144,2026-04-01,35,11,3,2,3,2,2026-03-28 10:24:51,12.935747093689965,77.60062228380464,"In voluptatibus expedita praesentium debitis necessitatibus. Deserunt a vel molestiae veritatis rem labore amet.
Maxime iusto saepe facere. Voluptatibus rerum expedita doloremque eligendi distinctio."
145,100010001202300145,202300145,2023-07-13,15,14,3,2,1,3,2023-07-10 07:18:41,12.989593872695288,77.61900612549229,"Voluptas quisquam debitis aliquam. Quibusdam hic non debitis pariatur.
Eveniet libero tempora occaecati libero voluptatum debitis porro. Asperiores id voluptate maxime.
Molestiae rem suscipit ut."
146,100040001202300146,202300146,2023-04-18,37,42,3,1,2,3,2023-04-18 11:25:31,12.94435433029056,74.90069400599363,Eos perferendis accusamus unde tempora autem aperiam. Dolores quidem optio a quo facilis. Aliquam nostrum aspernatur quia dolor ipsum.
147,100010001202500147,202500147,2025-04-20,38,11,2,2,5,4,2025-04-17 01:25:05,12.999372121634588,77.5466767060164,Ullam cum minus beatae et accusamus aspernatur. Nemo molestiae ex architecto recusandae corrupti doloribus dicta.
148,100010001202500148,202500148,2025-09-02,49,12,3,1,5,2,2025-08-29 20:42:36,13.004924925681147,77.61835400599742,Laudantium consectetur deserunt placeat voluptatibus unde ratione. Provident maxime libero corrupti iure ab. Excepturi quam asperiores.
149,100010001202500149,202500149,2025-09-01,19,13,2,1,2,2,2025-08-29 04:49:16,12.988456562229707,77.61304434553085,"Voluptates delectus magni eligendi eveniet illum quasi. Dolorem quidem nobis consequuntur asperiores ut quae occaecati.
Vel in vero. Dolor est eligendi consectetur quasi fuga."
150,100010001202400150,202400150,2024-10-04,19,15,3,1,2,4,2024-10-03 23:08:08,12.965718083067735,77.62943159690485,"Rerum nemo magni soluta. Modi corporis quod cupiditate ad explicabo. Minima ratione impedit dicta.
Dolore dicta eveniet voluptas voluptatem. Voluptates assumenda qui voluptatem cupiditate dolorem."
151,100010001202600151,202600151,2026-04-12,26,15,1,2,1,4,2026-04-07 16:22:06,12.946554575261025,77.55942424077462,Iure repellendus dolorem molestias. Eaque a accusantium itaque. Error necessitatibus sequi aliquam.
152,100010001202300152,202300152,2023-01-06,41,14,3,1,3,2,2023-01-01 16:13:34,12.946390244932472,77.58802908121469,Ipsum error voluptatibus assumenda sed. Tempore reiciendis temporibus aliquam commodi nulla asperiores. Assumenda ut corrupti in beatae veniam.
153,100010001202300153,202300153,2023-07-03,17,15,3,1,4,1,2023-06-28 06:48:46,12.940805017804172,77.64274472066066,Qui repellat molestiae voluptatum nulla ullam placeat. Reprehenderit tempore cum distinctio neque sit. Debitis modi asperiores voluptatibus id ullam.
154,100010001202500154,202500154,2025-03-24,35,15,1,1,2,2,2025-03-19 16:33:38,12.987036442240536,77.56785208409508,Corrupti sequi magni earum. Error eos suscipit perferendis perferendis.
155,100030001202400155,202400155,2024-08-09,31,33,2,1,4,2,2024-08-08 17:40:55,15.410729148057895,75.07616505517444,Corrupti aut optio. Ab aliquid perferendis vel voluptatum. Nam dicta exercitationem maiores modi laboriosam.
156,100080001202300156,202300156,2023-10-04,36,82,1,1,2,1,2023-10-04 17:53:44,15.103438615683451,76.9458501956634,Adipisci impedit consequuntur quia vero. Accusantium cum reprehenderit deserunt deleniti dolores.
157,100010001202500157,202500157,2025-10-02,33,14,2,1,4,3,2025-09-30 21:26:59,12.937970349485845,77.59934680288984,Nulla modi consectetur cum voluptatem placeat quod. Velit corrupti aliquid sint dolore rem cumque quasi.
158,100060001202400158,202400158,2024-02-03,35,61,2,1,2,3,2024-01-31 08:26:13,17.284688275386543,76.86853463385327,Et dignissimos aspernatur sunt nostrum laudantium sequi. Occaecati at sequi. Non magnam dolore sed accusamus quaerat dignissimos. Doloremque sequi iusto voluptatibus fugiat.
159,100010001202500159,202500159,2025-06-26,5,11,2,1,4,2,2025-06-23 12:04:37,13.01951875406825,77.55214757116406,Inventore officiis repellendus. Soluta veniam voluptatem incidunt corrupti qui. Minima aliquam sunt tenetur.
160,100050001202600160,202600160,2026-06-09,33,54,2,1,5,2,2026-06-07 18:37:21,15.84127024724264,74.47146947456784,Nemo nam dolore debitis porro soluta. Sequi asperiores totam qui earum officiis molestiae.
161,100020001202500161,202500161,2025-01-06,5,25,1,1,4,2,2025-01-04 06:08:36,12.332795524797993,76.5974142154368,Nihil odio est dolores unde. Nemo eius autem facere. Omnis ut aliquid quam voluptatem.
162,100020001202400162,202400162,2024-01-10,10,24,2,1,5,2,2024-01-08 23:20:27,12.32163354787827,76.68912725674673,"Enim pariatur reprehenderit quasi ipsam animi. Atque animi porro mollitia quibusdam labore.
Sapiente reiciendis possimus est. Porro voluptas non nemo."
163,100080001202400163,202400163,2024-08-23,36,82,1,1,2,2,2024-08-22 10:12:52,15.15157730890189,76.89778802115835,"Fuga adipisci distinctio expedita. Laborum dolorum excepturi quos. Distinctio in magni libero distinctio quam corrupti.
Recusandae dolore eligendi nulla voluptates dolorum beatae."
164,100050001202400164,202400164,2024-05-16,47,55,2,1,3,1,2024-05-11 10:28:28,15.875084336990465,74.51544000897778,Nulla cum repudiandae reprehenderit reprehenderit asperiores. Eaque aspernatur error saepe tempore suscipit beatae nam. Voluptate labore ea nisi nemo impedit iure.
165,100010001202500165,202500165,2025-06-01,4,12,1,2,5,3,2025-05-29 02:05:09,12.992707811166543,77.56874286574511,Eos voluptates cupiditate deserunt voluptatem sint. Mollitia similique quisquam illum.
166,100010001202400166,202400166,2024-11-21,37,13,3,2,3,1,2024-11-16 11:01:35,12.99117177343197,77.57745991751602,Totam repellat necessitatibus deleniti. Vero repellendus eveniet facere placeat et quo. Tempora dolor sed harum nostrum deserunt.
167,100010001202300167,202300167,2023-09-23,7,15,2,2,4,2,2023-09-23 02:51:45,12.928803603061333,77.56894113438605,Facilis quibusdam soluta iste optio. Sit ad voluptatum error voluptates error.
168,100020001202300168,202300168,2023-05-03,42,22,2,2,1,2,2023-04-30 01:30:26,12.294382962595401,76.63688456145648,"Deleniti nam excepturi ab. Praesentium ad beatae at natus voluptate.
Vitae libero rerum corrupti tempora aspernatur. Fuga eum assumenda cum."
169,100010001202600169,202600169,2026-02-26,16,11,3,2,2,4,2026-02-23 17:12:31,12.942454033313652,77.60854159184676,Repellat non delectus illo. Hic ea libero odio. Natus quibusdam molestias.
170,100010001202600170,202600170,2026-05-31,44,12,1,2,2,4,2026-05-31 22:04:00,12.961843440067216,77.57712245809438,Aspernatur rerum nisi hic dolores illo fugiat. Repellat nobis reprehenderit similique numquam.
171,100080001202400171,202400171,2024-05-12,40,82,3,2,2,4,2024-05-11 16:52:54,15.140552604682663,76.91635785476798,Hic nisi accusamus porro saepe. Suscipit aperiam eligendi nihil molestiae. Saepe error libero explicabo quasi quo atque.
172,100030001202600172,202600172,2026-07-02,22,31,3,1,2,2,2026-06-28 04:56:25,15.331695820656272,75.14890489097856,Voluptas dolore nulla sit iure fugiat. Labore numquam labore iure nostrum iusto.
173,100010001202500173,202500173,2025-02-06,1,13,2,2,3,2,2025-02-04 08:24:52,12.991480873551813,77.63333831796128,"Laboriosam repellat dolorem blanditiis. Ad vero rerum earum.
Quos sint laudantium ab amet. Incidunt recusandae ipsum. Quam veniam amet mollitia. Tenetur vero incidunt doloribus quam quod."
174,100020001202600174,202600174,2026-06-02,28,25,2,1,2,3,2026-06-02 00:48:21,12.247910779691479,76.59974331430878,Suscipit excepturi earum iusto reprehenderit reiciendis aliquam eveniet. Fugiat aspernatur autem labore.
175,100060001202500175,202500175,2025-09-12,23,64,2,2,5,4,2025-09-08 03:12:40,17.365202467256044,76.79724836552708,"Culpa eum ullam eum quibusdam quos eaque. Commodi asperiores numquam. At neque ducimus impedit.
Esse ullam voluptate pariatur."
176,100010001202500176,202500176,2025-06-12,35,15,2,2,2,1,2025-06-09 00:57:59,12.927293855882263,77.56870947689883,Ea vel sint voluptas culpa quos. Nisi sunt a asperiores inventore. Consectetur sint eius amet soluta impedit.
177,100020001202500177,202500177,2025-12-11,41,25,1,2,5,4,2025-12-06 06:27:18,12.266257487353124,76.59387184881744,"Accusantium dolore cumque blanditiis autem dicta corporis.
Consectetur ipsa accusamus impedit porro blanditiis maiores. Reiciendis eius corporis magnam culpa cumque reiciendis."
178,100010001202500178,202500178,2025-09-12,28,15,3,2,5,4,2025-09-09 19:24:35,12.999480800561892,77.55384951604411,"Natus hic suscipit molestiae. Esse animi esse aspernatur commodi eius at.
Ab ea error. Explicabo autem sunt alias nihil iusto enim quam."
179,100060001202400179,202400179,2024-10-07,25,65,3,2,2,4,2024-10-06 14:24:13,17.356089354457424,76.81312579292717,Placeat fuga ratione. Consectetur quia saepe accusantium. Animi labore molestiae iste doloribus adipisci. Repellendus aperiam similique nesciunt dolorum doloremque velit.
180,100010001202500180,202500180,2025-08-20,46,13,3,2,5,2,2025-08-16 08:03:30,12.971712305653089,77.6385636706784,Quibusdam expedita quibusdam ipsum quis quae eum. Consequuntur soluta ducimus ratione nostrum id ducimus asperiores. Voluptatibus laborum quo vitae.
181,100010001202500181,202500181,2025-07-06,47,13,2,1,5,1,2025-07-02 11:34:17,12.970430489505636,77.5942719839624,Nihil dolores quo adipisci eum culpa natus. Nesciunt laborum veritatis facere unde iure.
182,100010001202500182,202500182,2025-06-14,5,15,3,1,3,2,2025-06-12 10:36:06,12.980284349478671,77.61523579471591,"Inventore alias dolor aut commodi veniam sunt enim. Architecto corrupti voluptates sunt culpa. Ut minima labore.
Quis ipsam animi sit sequi delectus. Quae quod pariatur."
183,100010001202600183,202600183,2026-03-12,27,13,2,2,1,3,2026-03-09 16:35:13,12.951607621834706,77.64023833370946,Dignissimos vitae quibusdam cum alias quam. Quam quia quis quis deserunt. Soluta quae laboriosam labore ullam totam non voluptatibus.
184,100080001202300184,202300184,2023-09-09,7,81,3,2,5,4,2023-09-09 09:45:06,15.152962200407908,76.8894867001046,"Ab perferendis laboriosam natus odit. Officiis voluptas sequi repellendus incidunt enim optio.
Similique aut ut. Perspiciatis sit quos incidunt non nostrum ea."
185,100010001202400185,202400185,2024-12-08,14,15,2,2,5,2,2024-12-08 05:46:47,12.96165522878764,77.57014264193133,Id blanditiis perferendis deleniti. Quod aliquam voluptas sequi voluptatum cumque.
186,100010001202600186,202600186,2026-02-14,5,13,2,1,5,1,2026-02-13 21:06:28,12.977653637573392,77.60295094963583,Possimus nesciunt porro voluptas. Veniam enim qui cum magni enim. Nobis saepe aliquam magni vitae error et.
187,100010001202400187,202400187,2024-11-20,17,15,2,2,3,1,2024-11-16 09:17:39,12.949414763633278,77.59798744640585,Deleniti fuga repellat illum perspiciatis quis. Voluptate asperiores beatae minus mollitia. Commodi ipsum facere vitae.
188,100060001202500188,202500188,2025-08-07,27,62,1,2,3,3,2025-08-03 04:23:35,17.331443527000168,76.80657949407171,Veritatis repellat ad qui numquam impedit porro atque. Sint laudantium odio saepe quisquam sit fugiat. Reprehenderit dolor eligendi nihil excepturi minus necessitatibus.
189,100010001202300189,202300189,2023-10-17,13,15,1,2,2,4,2023-10-14 11:50:02,13.000633961766363,77.55341663341133,Cupiditate dolorem harum id vel suscipit distinctio minima. Minima exercitationem veritatis aliquam.
190,100060001202400190,202400190,2024-09-03,45,61,2,2,5,3,2024-08-30 06:55:40,17.36104871666934,76.87831808851561,"Accusantium facere ratione fugit temporibus ratione hic. Hic minima perferendis laborum aliquid.
Quod aspernatur quam voluptatibus ex. Labore eveniet nam odio alias perferendis minima ipsam."
191,100010001202300191,202300191,2023-04-06,25,14,2,1,2,3,2023-04-04 05:47:20,12.944789582388989,77.56331501919085,Officiis odio delectus reprehenderit quis eaque exercitationem. Architecto odit minus accusantium laborum voluptatem aspernatur aut. Ad maxime minus necessitatibus reprehenderit.
192,100070001202500192,202500192,2025-08-24,1,73,2,2,3,4,2025-08-23 18:08:52,14.491602665431357,75.91713124048978,Sapiente necessitatibus consectetur aliquam. Animi accusamus at iste accusamus harum ex. Non eos molestias excepturi voluptate ipsam ad. Nam necessitatibus nemo laboriosam.
193,100010001202500193,202500193,2025-10-12,7,15,1,2,2,3,2025-10-11 13:26:13,12.951435278379114,77.5608860886134,Aliquid numquam ex officiis. Mollitia nostrum atque quas hic dolores error.
194,100010001202600194,202600194,2026-02-11,20,14,2,1,5,4,2026-02-08 17:13:10,12.968307782418997,77.61512143014403,Cupiditate sunt dolorum magnam reprehenderit accusamus ducimus. Voluptatem expedita tempora maxime quo. Similique veniam nemo cumque eius.
195,100020001202400195,202400195,2024-10-15,20,23,2,2,2,4,2024-10-15 19:22:48,12.337244029211734,76.67316788909365,"Suscipit sint sunt praesentium amet. Minima necessitatibus quis impedit aut consequatur quisquam eum.
Assumenda fugit ducimus eaque officia. Pariatur blanditiis suscipit. Ex vitae rem pariatur rerum."
196,100010001202400196,202400196,2024-11-24,49,13,1,1,1,1,2024-11-21 20:43:54,13.01359222022564,77.60719883612785,"Optio quo officiis. Quasi repudiandae amet atque soluta culpa.
Earum unde soluta illo. Veniam architecto sunt. Deserunt excepturi sed fugit possimus voluptas."
197,100010001202400197,202400197,2024-07-14,19,11,3,2,2,2,2024-07-09 19:41:55,12.977581679898625,77.54624953250178,Ex consequuntur veritatis incidunt placeat laudantium. Asperiores a eius molestiae nesciunt tempora natus.
198,100010001202600198,202600198,2026-02-09,18,11,1,1,5,2,2026-02-05 18:51:31,12.994128857184576,77.60859158593694,"Labore odio deleniti quia nam. Iure rem omnis veniam voluptates vero.
Reprehenderit corporis quae fuga. Neque id enim incidunt consequuntur in. Repudiandae commodi cum minus sunt."
199,100080001202500199,202500199,2025-06-04,26,85,1,1,3,1,2025-05-30 06:14:09,15.180251962162433,76.90103705085117,"Vel aliquam libero recusandae occaecati. Incidunt ad molestias dolor pariatur doloribus a aliquid.
Rem necessitatibus harum doloribus aliquid ratione optio."
200,100050001202300200,202300200,2023-10-05,2,51,1,1,3,2,2023-10-01 12:16:09,15.897512311015191,74.45046477525568,Aut libero velit quis. Vitae eos maxime quod laudantium voluptatibus dolor placeat. Nemo soluta consequuntur architecto impedit.
201,100010001202500201,202500201,2025-05-05,8,11,3,2,1,3,2025-05-02 05:22:17,13.01645917611106,77.57506047630565,"Iure dolorum amet explicabo odio voluptatibus.
Velit fuga necessitatibus accusantium non facilis. Quis doloribus sunt optio eveniet eligendi ducimus."
202,100070001202300202,202300202,2023-10-05,38,73,1,1,2,4,2023-09-30 16:36:57,14.476223613929092,75.9697564290654,"Qui neque commodi id. Voluptates voluptate porro autem quo. Doloribus suscipit sunt quam.
Accusamus cupiditate vero. Velit et qui amet quam."
203,100010001202600203,202600203,2026-04-09,3,15,1,1,5,2,2026-04-05 16:02:57,13.017962700122608,77.61072530558177,Saepe quibusdam minima assumenda. Magnam esse perspiciatis accusamus sunt ea. Voluptatum placeat fugit dolores ipsum architecto earum.
204,100010001202300204,202300204,2023-01-11,41,12,2,1,5,2,2023-01-09 12:28:17,12.944445532799165,77.61876784480815,Repellendus odio iusto consequuntur. Atque vero magnam repudiandae tempore asperiores aspernatur.
205,100080001202400205,202400205,2024-02-12,29,82,3,2,2,4,2024-02-10 12:58:19,15.183921326791426,76.9386828843892,Dicta labore totam odio praesentium blanditiis dolorum. Minima ab qui. Sit temporibus at sunt quisquam provident tempore.
206,100010001202600206,202600206,2026-03-23,29,13,2,1,5,3,2026-03-19 20:30:57,12.941306572612211,77.55656211886901,Asperiores necessitatibus nobis odio reprehenderit dolore unde labore. Corrupti nam qui nemo.
207,100010001202500207,202500207,2025-07-05,2,13,3,2,3,4,2025-07-05 13:27:20,12.962380264152593,77.6434405919695,"Earum mollitia sunt consequatur architecto maxime. Ratione voluptatem numquam omnis blanditiis.
Alias magnam ratione."
208,100010001202600208,202600208,2026-07-20,13,15,2,2,3,3,2026-07-15 18:19:49,12.940830108554353,77.55760467949263,"Ipsam id vitae delectus temporibus voluptatem reiciendis.
Nihil saepe deserunt excepturi ipsam assumenda iste dolore. Nam quod molestiae saepe ea quae.
Atque iure vero architecto."
209,100040001202300209,202300209,2023-04-24,8,41,1,2,2,3,2023-04-23 18:49:19,12.882708756577223,74.8953477229134,"Illum sequi dolorem dignissimos cum.
Tenetur temporibus eos maxime. Dolores architecto explicabo nemo iure cupiditate aliquid recusandae. Veniam delectus pariatur voluptatum itaque."
210,100020001202500210,202500210,2025-06-05,20,22,2,1,3,3,2025-06-05 10:46:34,12.253538674548357,76.65714155883799,Repellendus rerum nisi perferendis quae. Error esse eius quia atque suscipit. Dolorem illum corrupti.
211,100010001202400211,202400211,2024-05-30,38,12,1,2,3,3,2024-05-26 21:49:55,12.931590931406694,77.56869479012417,"Vel quod quis. Architecto nobis ut. Voluptates eos magnam dignissimos consectetur cum impedit.
Ullam saepe laborum. Ipsam est deserunt minus minus."
212,100010001202500212,202500212,2025-03-06,48,15,1,1,3,1,2025-03-01 15:38:19,13.013582772242211,77.5463615292729,Provident distinctio nam non. Nostrum aspernatur porro nihil quod. Possimus amet facilis consequuntur error voluptatum et.
213,100010001202400213,202400213,2024-02-26,6,14,2,2,3,1,2024-02-25 05:23:46,12.974992926958477,77.60856686332644,Dolor non doloribus maiores cupiditate quas. Ipsa similique exercitationem incidunt laborum facilis ea. Perspiciatis molestias maiores quas quam architecto nesciunt.
214,100030001202400214,202400214,2024-07-29,9,31,3,1,2,2,2024-07-24 11:50:56,15.382846280325149,75.11204812426367,"Quidem ipsa cumque labore cumque molestias. Voluptatibus nisi enim minima.
Ad omnis maiores accusantium deserunt labore minima cum. Officia veniam laboriosam eius."
215,100010001202400215,202400215,2024-04-15,25,15,2,1,2,3,2024-04-13 13:02:43,12.973711378374428,77.55245242467906,"Quasi provident facere id repellendus. Eaque harum eos eos.
Expedita in adipisci illum a. Aperiam magni ducimus repellat aliquid reprehenderit. Dolore iste esse ducimus illo perferendis eveniet."
216,100050001202400216,202400216,2024-06-06,41,53,3,2,5,4,2024-06-04 18:38:55,15.893398153616605,74.45580881510169,"Aliquam reprehenderit dignissimos delectus illo maiores in. Aut voluptatum quaerat. Eligendi odit vel vel est saepe totam.
Aliquam saepe harum cupiditate dolorum. Animi ipsum velit."
217,100070001202500217,202500217,2025-03-17,31,75,2,2,5,2,2025-03-17 06:04:59,14.48833836854211,75.95942776953338,Alias dolores officiis aliquid aperiam iusto. Harum alias debitis sit.
218,100010001202600218,202600218,2026-05-06,42,13,2,1,1,1,2026-05-03 11:41:06,12.94023250292897,77.5867699807445,"Corrupti doloremque vel velit vitae iste nemo.
Repellat autem odit. Numquam saepe unde soluta aperiam. Animi excepturi eaque aperiam nam iusto quibusdam."
219,100010001202400219,202400219,2024-01-06,2,12,2,2,2,2,2024-01-05 03:18:20,12.953729097524116,77.55718110713329,"Illum aliquid voluptas vel vel amet magni. Ad suscipit commodi porro magnam nostrum illum. Laudantium ab est sequi impedit.
Rerum alias ratione aliquid velit facere. Dolorum ipsa distinctio eveniet."
220,100010001202400220,202400220,2024-05-14,16,15,2,1,2,1,2024-05-13 07:02:16,13.012859992675688,77.62340326935815,Quod est iste modi magni enim. Fugit perferendis iure.
221,100010001202300221,202300221,2023-09-19,48,12,2,1,5,2,2023-09-18 13:09:25,13.002743383506436,77.64384986780892,"Beatae suscipit nesciunt ea. Exercitationem perferendis sit totam.
Est ullam temporibus. Unde explicabo ab tempore. Quas officia similique eaque sunt molestiae saepe dolorum."
222,100030001202600222,202600222,2026-05-10,2,35,2,1,5,4,2026-05-08 18:36:34,15.373910059543382,75.16413706090852,"Dolorum occaecati aperiam accusantium fugiat. Eum quisquam vitae nesciunt modi nisi.
Provident asperiores amet quisquam incidunt. Sint vel voluptate eveniet voluptatum."
223,100010001202500223,202500223,2025-12-10,48,11,2,1,5,1,2025-12-06 03:52:52,13.015965230250295,77.566508958433,Neque illo tempore ea. Debitis error mollitia labore placeat quasi dolore. Ipsum quaerat quibusdam porro. Illum aspernatur suscipit esse doloribus.
224,100010001202300224,202300224,2023-06-12,38,15,3,1,5,2,2023-06-09 17:12:15,12.983946012150623,77.63743957495628,"Modi earum consequuntur quasi facilis alias. Deserunt sunt nulla quisquam.
Cumque pariatur explicabo expedita nemo. Dignissimos minima mollitia laborum reprehenderit."
225,100080001202300225,202300225,2023-01-25,49,85,1,1,1,1,2023-01-21 00:39:16,15.18365599522141,76.89959054413124,"Unde est ea tempore.
Dolorum mollitia eius rem. Ex quod quasi dolorem inventore placeat officia corrupti.
Quo inventore maiores nesciunt necessitatibus quaerat. Vero reprehenderit error inventore."
226,100050001202400226,202400226,2024-03-10,38,52,1,2,2,1,2024-03-07 11:28:01,15.813497372559695,74.4832044150077,Veritatis voluptatum dolorum. Error atque voluptate accusantium accusamus iste harum cumque. Ipsa unde vel numquam nisi veniam minima sapiente.
227,100030001202500227,202500227,2025-08-14,41,33,1,1,4,1,2025-08-14 23:41:51,15.346026768767258,75.14176944577125,Illo eaque eligendi neque voluptas id. Voluptate ut cupiditate perferendis doloremque quisquam. Exercitationem aspernatur possimus.
228,100020001202400228,202400228,2024-05-30,44,22,1,1,5,3,2024-05-29 18:03:26,12.247480769802833,76.65068591948452,Repellendus repellat pariatur sapiente voluptates est. Quisquam et porro laudantium voluptas dolore nesciunt.
229,100070001202300229,202300229,2023-10-15,30,72,3,1,2,3,2023-10-14 14:51:42,14.509307580687253,75.89128564721462,Voluptates perspiciatis quis eum voluptate nulla. Ex ratione laborum laudantium beatae recusandae illum.
230,100010001202400230,202400230,2024-06-22,49,11,1,2,3,1,2024-06-19 03:52:02,12.941193863247172,77.64000992682583,Enim numquam velit placeat dicta voluptatem. Optio enim velit eveniet cum ipsa dolorem.
231,100010001202300231,202300231,2023-08-31,38,12,1,1,3,1,2023-08-28 07:34:22,13.011936903786378,77.61037418217319,Neque nesciunt corrupti molestias. A minima ab consequatur maiores.
232,100060001202500232,202500232,2025-10-17,35,65,1,2,4,1,2025-10-14 11:10:47,17.28076496921683,76.87935034608367,"Rem cum labore ea rem quae distinctio nisi. Id animi dolorum occaecati minus.
Illo asperiores omnis laborum. Molestias voluptas illum assumenda maxime molestiae sed. At ipsa debitis excepturi illo."
233,100010001202500233,202500233,2025-10-11,36,11,2,1,2,2,2025-10-06 10:29:00,12.99335940576891,77.59640614281415,"Iste illo provident maiores dignissimos. Aspernatur minus eaque minus nisi natus qui.
Ratione nemo ut nemo. Magni id doloremque officiis earum dicta illo labore."
234,100010001202400234,202400234,2024-12-02,25,13,2,1,5,3,2024-11-29 15:09:36,12.921644904585945,77.61755911277993,Molestiae facilis saepe adipisci blanditiis blanditiis. Quo aspernatur placeat vero dicta voluptatum. Error nostrum tenetur repellat dolores.
235,100030001202400235,202400235,2024-08-17,35,31,3,1,3,3,2024-08-15 04:35:41,15.406856971410125,75.14788962301724,"Non magni deserunt libero rerum numquam. Quisquam atque sit nisi.
Maiores maxime animi ipsum. Asperiores nostrum explicabo ullam saepe saepe inventore perferendis."
236,100070001202400236,202400236,2024-11-05,13,73,3,2,5,2,2024-11-04 15:17:06,14.488362290482604,75.95056696638446,Perspiciatis cumque molestias at laboriosam reprehenderit tempore atque. Libero facere eveniet nemo eos et labore. Nemo qui eaque perferendis possimus.
237,100010001202400237,202400237,2024-04-08,5,13,1,1,3,1,2024-04-04 02:51:34,12.970277019613322,77.54777019281325,Expedita commodi earum omnis modi commodi unde. Magni laudantium dignissimos deserunt laboriosam.
238,100010001202300238,202300238,2023-10-31,21,15,3,1,2,1,2023-10-30 20:41:01,13.004803866150006,77.55256835831875,Id aliquam earum blanditiis illum iusto. Beatae maiores exercitationem nulla. Veritatis ipsa dolorem provident aspernatur. Laboriosam placeat ipsa soluta cum ipsam in.
239,100010001202300239,202300239,2023-08-28,16,11,1,2,2,3,2023-08-26 13:30:56,12.952500138776935,77.58045169001014,"Non possimus voluptatem fuga. Quos saepe quisquam quidem voluptatem sint.
Odit animi odit similique. Sequi sint unde impedit sit molestias."
240,100010001202600240,202600240,2026-03-29,9,14,2,1,2,1,2026-03-28 15:51:14,12.957385080714804,77.56652823068569,"Iusto sed placeat neque doloribus fugiat officiis. Illo inventore eum inventore voluptatibus tenetur eveniet. Deserunt cum hic incidunt ea at.
Ut nostrum dolorum explicabo laudantium."
241,100010001202500241,202500241,2025-09-16,49,15,3,1,5,2,2025-09-16 12:05:32,12.960333179159086,77.61088564651494,"Sequi nisi consequatur dolorem harum explicabo. Dignissimos exercitationem aliquam voluptatem. Quidem voluptates expedita.
Saepe facilis nesciunt earum corrupti. Natus nulla et pariatur."
242,100010001202600242,202600242,2026-05-04,6,15,1,2,2,4,2026-05-02 12:42:38,12.937285104068662,77.60010362243327,Perspiciatis nisi explicabo doloremque pariatur eligendi saepe sint. Veritatis repellendus earum accusantium dolor.
243,100050001202500243,202500243,2025-01-10,26,52,1,1,1,3,2025-01-06 09:49:10,15.87802984209552,74.54340571820947,"Iusto quae debitis dicta porro. Nulla exercitationem odit quas voluptas hic.
Quia totam cum error. Autem laboriosam quos illum. Eveniet officia similique fuga tempore culpa."
244,100010001202500244,202500244,2025-01-11,42,15,2,1,5,3,2025-01-09 16:49:35,12.988714767308023,77.55457464156046,"Voluptatibus adipisci omnis ex. Minus tempore dolor distinctio.
Odio debitis laboriosam magnam voluptate quibusdam. Quidem nulla libero quod maiores. Et natus amet odio culpa fugit repellat."
245,100010001202300245,202300245,2023-11-11,5,14,2,1,2,3,2023-11-07 09:28:09,13.016079435941078,77.62133633504202,"Odio ex mollitia eveniet nisi id maxime. Ad minima non atque. Dolorum libero vero.
Eaque vero harum enim nostrum aperiam. Ut voluptatibus provident minima."
246,100030001202500246,202500246,2025-02-10,19,35,1,1,1,2,2025-02-06 19:29:25,15.38945695103512,75.13897816487251,Nulla occaecati dolore totam esse explicabo officiis corrupti.
247,100010001202300247,202300247,2023-10-28,31,15,1,1,2,3,2023-10-27 13:25:27,13.009011159309232,77.58680216072139,"Eius adipisci reprehenderit perferendis. Quibusdam assumenda minus sit sed saepe.
Autem velit et ratione minima facere impedit. Quisquam doloribus optio. Cum sunt error vero tempora."
248,100070001202400248,202400248,2024-07-09,36,74,3,2,3,1,2024-07-05 02:07:12,14.452148504652186,75.89243916578948,Architecto error perspiciatis blanditiis explicabo id sunt similique. Eos quidem libero placeat quis aliquid.
249,100010001202300249,202300249,2023-09-02,6,11,2,2,5,3,2023-08-28 13:11:18,13.018407393467507,77.63589531158895,"Dicta expedita iste nulla earum. Consectetur consequuntur error nobis illo ipsam voluptatem.
Iusto esse quas. Expedita voluptate quaerat molestiae nostrum quidem. Maiores id deleniti rem."
250,100020001202600250,202600250,2026-01-06,40,25,1,1,5,1,2026-01-06 09:23:17,12.283234073722728,76.63298659275092,"Delectus quam at dignissimos.
Voluptates mollitia quod quam. Dolore minus eum provident cumque nesciunt. Sint ex reprehenderit accusamus tenetur impedit."
251,100010001202400251,202400251,2024-10-31,30,14,3,1,2,4,2024-10-31 07:54:52,12.991563286546493,77.64249301191367,"Quasi temporibus sint impedit.
At quod delectus consectetur illo fugit dolores. Nulla nihil molestiae doloribus cum. Repellendus tenetur rem asperiores autem ea qui."
252,100010001202300252,202300252,2023-02-26,14,15,2,2,2,4,2023-02-21 05:25:11,13.005489452261155,77.61772564340019,Incidunt voluptatum commodi minima laudantium officiis temporibus. Dolorem asperiores maiores magnam vel reprehenderit itaque repudiandae. Ad itaque non maxime.
253,100010001202600253,202600253,2026-03-24,39,14,2,2,3,4,2026-03-20 02:36:06,12.935021350957483,77.61361040869518,Quod ut mollitia dolores accusantium quibusdam. Facilis fuga iure repellendus quas illo enim reprehenderit. Architecto sapiente saepe quos quisquam totam optio tempora.
254,100010001202300254,202300254,2023-03-17,40,13,3,1,5,1,2023-03-17 02:14:14,12.939105259640195,77.57223104782337,"Consequuntur ullam nostrum. Commodi reprehenderit consectetur.
Odit dignissimos beatae quibusdam quaerat beatae sed. Quam similique autem quam expedita ipsa."
255,100010001202400255,202400255,2024-04-26,42,15,3,1,2,1,2024-04-21 10:28:04,12.923155149906199,77.64008008905834,Quos veritatis quam facere eum asperiores. At odit molestiae ullam.
256,100010001202500256,202500256,2025-01-18,33,13,2,2,5,3,2025-01-17 00:39:16,13.017941514427704,77.63638233941528,Dolorem numquam omnis totam occaecati quas neque. Maiores saepe dolor aut necessitatibus. Maiores deserunt illo labore ratione aut.
257,100050001202300257,202300257,2023-11-25,41,53,1,1,2,4,2023-11-22 21:41:08,15.837187408338753,74.5214790567493,"Molestias nisi velit provident nemo.
Dolorum dicta quasi culpa tenetur. Culpa recusandae dolorum sit incidunt at. Iste aut vitae eius ullam."
258,100050001202500258,202500258,2025-11-25,21,54,1,2,2,1,2025-11-23 19:00:06,15.856511467889206,74.4630558921147,Vero ut consectetur. Placeat enim eaque voluptas hic animi. Facere blanditiis aliquam aliquam adipisci ad.
259,100010001202300259,202300259,2023-02-08,33,11,2,2,2,4,2023-02-04 21:34:27,12.992758699075777,77.59334024823852,Commodi enim repellendus consequatur. Voluptatibus ipsum quod et consequatur consequatur quaerat.
260,100050001202500260,202500260,2025-05-22,19,54,2,2,2,4,2025-05-20 10:37:42,15.857429539669234,74.48224493245273,"Consequatur quam tempora quae sit.
Provident magni dolorum nulla. Nihil eius reiciendis dolor illum. Laboriosam porro unde aliquid."
261,100020001202600261,202600261,2026-03-01,24,22,2,1,2,2,2026-02-24 19:34:52,12.28970732321971,76.68721293097367,Assumenda quae exercitationem repellat ipsum. Culpa eaque harum sunt magnam placeat quis cum. Ut nostrum nemo veritatis incidunt laboriosam ducimus.
262,100020001202300262,202300262,2023-11-15,31,25,3,2,3,2,2023-11-13 05:59:13,12.301451329775935,76.66010458802718,"Molestias veritatis velit eius deserunt inventore.
Eveniet eius adipisci distinctio accusamus. Doloribus laborum id nulla. Non omnis suscipit."
263,100010001202400263,202400263,2024-05-17,15,11,3,1,2,3,2024-05-15 13:15:47,12.968871676443422,77.59209806726375,Dolorum illo sit. Et sed et et. Quia delectus illo sunt saepe doloribus possimus quas.
264,100010001202600264,202600264,2026-06-06,33,13,2,1,3,2,2026-06-06 05:34:18,13.00009313945423,77.62861920902425,Distinctio est id. Odio id explicabo molestias dolores excepturi. Tempore ipsum tempora beatae.
265,100050001202400265,202400265,2024-12-15,26,53,1,1,2,3,2024-12-14 02:13:36,15.861226057955522,74.46952466758698,"Facere ullam repellat. Quo quaerat sint fugit provident aspernatur at. Ad possimus labore quam fuga nisi.
Nostrum impedit suscipit rerum in minus. Accusamus impedit distinctio."
266,100010001202300266,202300266,2023-02-06,6,13,2,1,3,1,2023-02-01 18:03:13,12.934190318343234,77.63317269861975,Eaque nesciunt expedita quasi officia hic deserunt. Dicta est temporibus nesciunt. Harum consequatur aspernatur soluta eius ex.
267,100010001202300267,202300267,2023-09-25,39,14,3,2,2,3,2023-09-22 18:51:17,12.995411871144453,77.63989255575598,"Omnis illum accusamus earum sed et. Doloremque quae eum aut sit.
Soluta porro iste vel accusamus non. Explicabo ipsam molestiae eligendi mollitia commodi. Dolor cum aperiam."
268,100020001202600268,202600268,2026-05-24,45,25,1,2,5,1,2026-05-19 19:57:55,12.32808817505443,76.63574321592218,"Veritatis neque earum ab blanditiis. Quae accusantium ipsum quasi.
Eveniet consequuntur sapiente beatae sint atque. Exercitationem sunt qui recusandae non esse. Praesentium cum enim corrupti amet."
269,100010001202400269,202400269,2024-04-28,24,11,2,1,1,2,2024-04-23 20:21:02,12.981403810905825,77.5485777692323,A reiciendis laudantium ea maiores officia ratione. Odit officia quas ipsum quo quia quos. Libero consequuntur autem maxime quidem.
270,100010001202300270,202300270,2023-01-24,26,11,2,2,2,1,2023-01-22 01:14:20,12.933677486356657,77.64025449801834,Consequuntur ratione nostrum enim id id. Tempore eum libero velit corrupti. Numquam veritatis sunt eligendi velit reiciendis.
271,100010001202600271,202600271,2026-04-11,13,15,2,2,2,3,2026-04-07 09:58:14,13.01327218045786,77.60449475494197,Qui totam nobis voluptas earum laudantium aliquam. Eius aliquam quam quaerat consectetur. Dolorum accusamus doloremque neque mollitia vel.
272,100040001202400272,202400272,2024-07-10,7,41,3,1,5,1,2024-07-09 17:43:53,12.941247707056386,74.86364750957695,"Dolorum esse sit laboriosam atque. Eum quis quis.
Quaerat libero at ullam velit eligendi.
Optio alias id possimus explicabo fuga eos quasi. Ea quas corrupti dolorem adipisci rerum amet."
273,100010001202400273,202400273,2024-07-25,42,15,1,2,2,3,2024-07-22 15:31:19,12.943249663155322,77.61573289785034,"Quaerat quidem id saepe.
Occaecati quasi quas aperiam. Cumque quae cumque tenetur repellat ab illo."
274,100060001202300274,202300274,2023-07-26,12,62,2,2,5,4,2023-07-21 00:30:08,17.321568663414297,76.86871264088735,"Nemo ullam odio doloribus odio. Non quis deserunt dolores.
Nihil exercitationem omnis sed iste deleniti quaerat. Non eaque error blanditiis eius maiores natus dolores."
275,100010001202300275,202300275,2023-09-23,46,14,3,2,5,1,2023-09-23 09:05:01,12.99225614244455,77.55870979053007,Dolorem voluptatum autem praesentium tenetur reprehenderit nesciunt. Aperiam officiis officia quas vel id. Perspiciatis minima culpa maiores.
276,100010001202600276,202600276,2026-06-29,5,14,2,1,2,2,2026-06-29 05:23:03,12.973522400066601,77.56845476661155,Iusto odio beatae deserunt dolor adipisci dolore. Nobis magnam iure.
277,100010001202500277,202500277,2025-05-18,48,12,2,2,3,3,2025-05-18 16:50:12,12.992369182023548,77.63254196611545,Cumque accusantium omnis temporibus eaque incidunt facere. Ipsa beatae ea modi molestias. Nam corporis provident cum enim. Esse maiores eius culpa et.
278,100020001202500278,202500278,2025-12-10,12,24,1,1,5,1,2025-12-06 03:11:42,12.288174284396465,76.6848451484524,"Earum quidem maxime iure ad sint. Magnam architecto vero laborum.
Vitae perspiciatis rem ipsam. Nulla placeat sequi impedit.
Aspernatur ducimus vitae distinctio. Mollitia nesciunt quae laboriosam."
279,100010001202400279,202400279,2024-12-11,12,13,1,1,2,2,2024-12-07 09:38:00,12.964395963244364,77.6389656652219,"Sunt sequi nulla dicta commodi optio. Eius quasi quia dignissimos quis quisquam sit.
Doloribus eveniet maiores esse ea fugit dolores. Architecto cum culpa illo tempora quidem odio voluptate."
280,100080001202600280,202600280,2026-04-28,7,82,2,1,3,4,2026-04-27 04:58:22,15.103822807930875,76.91388850662321,"Fugit atque delectus iure alias unde. Quam quam debitis. Dolorum laudantium ea doloribus in sed.
Delectus deleniti laborum hic animi. Temporibus officia inventore impedit inventore."
281,100050001202500281,202500281,2025-07-03,13,54,1,1,2,3,2025-06-30 09:00:19,15.848122122458754,74.47836949489164,"Occaecati ex ea earum voluptatem sed fugit.
Vero vel veniam et beatae adipisci assumenda. Quia velit odio doloribus modi fuga inventore."
282,100010001202300282,202300282,2023-07-18,21,12,3,1,2,2,2023-07-18 12:03:17,12.926020223909878,77.64051695044378,"Dignissimos voluptates eius adipisci nesciunt. Quam autem mollitia consequatur eveniet quidem nulla.
Qui est eum soluta praesentium nulla illum aut. Aspernatur dicta odit illum vero ex quas."
283,100010001202500283,202500283,2025-09-14,17,15,2,2,1,1,2025-09-11 06:01:20,12.982913717161953,77.57820581324216,"Beatae exercitationem expedita modi sit.
Quaerat labore delectus deleniti suscipit repudiandae est. Consequatur accusamus quia nesciunt excepturi alias aspernatur."
284,100010001202400284,202400284,2024-04-03,39,13,2,2,3,1,2024-04-03 04:36:54,13.021041476247058,77.56744167288598,"Officia consectetur magnam aperiam ut occaecati. Sed explicabo autem facere cupiditate enim.
Quidem non incidunt quaerat. Cum sequi asperiores libero deserunt laudantium consequatur sequi."
285,100010001202400285,202400285,2024-12-24,24,11,2,1,1,4,2024-12-23 21:28:45,12.998559355882865,77.60076812985737,"Aspernatur autem accusamus ullam alias distinctio. Explicabo provident modi.
Cum reprehenderit cum eius excepturi ipsam. Id eaque amet suscipit saepe."
286,100010001202400286,202400286,2024-03-31,37,13,1,1,5,4,2024-03-29 23:44:53,12.978317573800291,77.63721827122602,"Vel fugit pariatur deserunt quis ab dolore. Dolorum commodi sint ducimus veniam fugiat. Exercitationem temporibus numquam.
Voluptates magnam itaque ipsum vero explicabo. Amet assumenda iusto quas ex."
287,100070001202300287,202300287,2023-08-15,6,73,1,2,2,2,2023-08-13 06:13:16,14.416109696426266,75.95904621214159,Adipisci est odio distinctio numquam quis in minus. Quasi aspernatur quas ut.
288,100030001202500288,202500288,2025-08-22,39,35,2,2,5,3,2025-08-19 12:34:25,15.377565522405428,75.09343328160082,"Porro eveniet incidunt magni.
Temporibus ea dicta aperiam minima. Omnis quasi voluptate ut quibusdam ratione odit. Quos non ipsam quas nobis autem voluptatem."
289,100010001202500289,202500289,2025-06-08,39,12,3,2,2,4,2025-06-03 22:54:59,12.943493071876345,77.56986129105036,Perferendis a eveniet ullam facilis possimus dicta. Ad ut earum quae. Saepe corrupti aut.
290,100010001202500290,202500290,2025-08-27,34,14,2,1,2,2,2025-08-24 01:43:37,12.92456871931291,77.62546329746051,"Perspiciatis beatae incidunt qui sequi atque sint. Eius labore natus nesciunt ducimus dolores. Deleniti asperiores modi reprehenderit dignissimos.
Similique odit iure assumenda. Soluta dolor facere."
291,100010001202300291,202300291,2023-12-14,24,12,1,1,2,3,2023-12-14 17:55:00,12.985520438339714,77.60007135251185,"Iste dolores veritatis quos. Animi eaque minus deserunt nihil illo ut.
Doloremque sit laboriosam aut minus quidem. Quia cum porro asperiores suscipit quos laborum. Accusamus porro at."
292,100010001202600292,202600292,2026-06-24,22,15,1,1,2,1,2026-06-20 13:32:47,12.926091636155414,77.57746005092405,"Illo deleniti tenetur optio porro. Quod non repellendus.
Quis aut cum laborum doloribus quasi. Harum autem suscipit saepe.
Aliquam nostrum error libero saepe."
293,100010001202600293,202600293,2026-06-10,16,11,2,2,5,2,2026-06-09 13:54:10,12.979901062299906,77.56147340821687,Quidem porro modi quasi aut delectus dolor. Voluptates soluta illum cum adipisci illum architecto.
294,100040001202400294,202400294,2024-08-18,38,42,1,1,3,3,2024-08-17 17:02:54,12.923790579939201,74.85012594685098,"Error odit impedit dolores architecto aspernatur suscipit architecto. Dolor molestiae cupiditate quisquam.
Harum saepe repellendus adipisci corrupti. Dolores quasi ducimus voluptas."
295,100010001202300295,202300295,2023-10-01,27,11,3,1,2,3,2023-09-30 16:16:57,13.017066505909572,77.59338980164009,"Ducimus laboriosam nesciunt adipisci atque libero.
Ipsa animi itaque dolor id delectus. Assumenda quos explicabo facere quas. Dolorum omnis deleniti consequatur modi."
296,100020001202500296,202500296,2025-04-02,49,23,1,2,5,2,2025-03-28 17:12:37,12.27342437746878,76.6160837514227,Consequuntur delectus ex perferendis. Soluta deserunt nisi possimus id tenetur. Autem animi sit vel fuga explicabo fugiat.
297,100030001202300297,202300297,2023-03-13,18,31,3,2,5,1,2023-03-12 06:56:27,15.324869083023628,75.09246674933807,Nisi illo nihil quod. Ratione quo ipsam aspernatur. Optio occaecati eius error perferendis repellat.
298,100010001202500298,202500298,2025-04-14,13,13,2,1,3,3,2025-04-14 15:34:08,12.942545877663354,77.62716207142407,Molestiae ut ratione voluptate. Dolores non iusto ratione. Numquam debitis quaerat nulla iure optio possimus possimus. Pariatur necessitatibus fuga sunt quia quasi.
299,100030001202600299,202600299,2026-04-05,49,32,1,1,5,1,2026-03-31 08:59:47,15.328653848738991,75.16429441939587,Libero porro quis laboriosam nisi. Dicta dicta vitae doloribus voluptate.
300,100010001202300300,202300300,2023-02-28,30,14,2,1,5,1,2023-02-28 10:02:05,12.953332614563923,77.61557245553874,Facere quaerat et iure. Commodi quidem autem quis quos.
301,100060001202500301,202500301,2025-03-06,50,62,1,2,5,4,2025-03-06 20:00:22,17.31391142256028,76.83567606381928,Distinctio porro nobis placeat nobis velit maxime ducimus. Incidunt nemo impedit amet tempore quae. Impedit doloribus quod consectetur architecto atque dolores.
302,100010001202300302,202300302,2023-07-31,10,14,3,2,2,3,2023-07-27 10:30:03,12.991903344616789,77.5608163746831,Corporis soluta officia quod veniam. Molestiae fugiat voluptates ab. Corporis et accusamus corporis atque delectus.
303,100010001202500303,202500303,2025-03-04,21,15,2,2,2,3,2025-03-02 05:57:00,12.974151501106336,77.60600009801203,"Molestiae at debitis. Quaerat optio veniam veniam eveniet facilis id deleniti. Commodi dolores illum iure dolorum ut.
Eveniet pariatur accusantium provident eaque."
304,100010001202300304,202300304,2023-02-04,44,11,3,2,5,2,2023-02-01 10:36:31,12.974295463968433,77.63124346606277,Mollitia quos amet expedita. Dolore harum sint repellat quas quis. Omnis vero perspiciatis ut repellat.
305,100010001202600305,202600305,2026-04-19,9,13,2,2,3,1,2026-04-19 11:03:32,12.936571894904917,77.54912591094511,"Eum suscipit voluptatum at. Dolor molestiae quos labore.
Nulla aperiam repellendus ea doloribus ullam harum. Praesentium rerum harum aut officia."
306,100010001202500306,202500306,2025-01-14,32,15,2,1,1,1,2025-01-14 07:07:04,13.021444546193901,77.55093264394935,Odio illo est hic suscipit quibusdam. Eligendi nobis nobis quos asperiores. Quasi exercitationem soluta ad possimus ea cumque.
307,100070001202500307,202500307,2025-11-09,28,73,1,1,1,2,2025-11-09 11:12:37,14.46596508301243,75.95279585234239,"Eum dolores odit fugiat omnis consectetur est. Voluptates autem vel ducimus.
Nobis vero ducimus voluptas sapiente rerum at.
Ab nihil aut iste. Deserunt natus sit sed."
308,100010001202500308,202500308,2025-05-17,12,11,3,1,1,3,2025-05-14 20:06:22,13.021327598329043,77.63189005145661,Suscipit vel dolores. Praesentium nihil pariatur. Eligendi dolorem alias id neque.
309,100040001202400309,202400309,2024-03-22,44,44,3,1,2,2,2024-03-17 18:47:12,12.8743433019538,74.81672383223471,Eaque beatae deleniti perspiciatis impedit. Vel repudiandae placeat a doloremque possimus ea adipisci.
310,100010001202400310,202400310,2024-03-18,20,12,2,1,5,1,2024-03-18 05:26:48,12.978721240597979,77.56134674433711,Ducimus occaecati magnam sed vel vero. Assumenda vitae voluptatibus pariatur dolores impedit doloribus.
311,100020001202300311,202300311,2023-02-17,33,21,3,2,2,4,2023-02-16 19:35:23,12.250991874909817,76.64430107299539,Rem necessitatibus tenetur dolore tempora repudiandae voluptatibus. Explicabo ducimus vitae tempore suscipit natus. Consectetur eveniet est reprehenderit deleniti.
312,100010001202400312,202400312,2024-12-18,39,15,3,2,2,4,2024-12-18 00:02:32,12.99014564815281,77.59217839783831,Natus assumenda architecto illum illum porro. Quod maxime deleniti nobis deserunt totam corporis. Modi natus modi. Reprehenderit doloribus sapiente est.
313,100010001202300313,202300313,2023-05-09,41,15,3,1,2,2,2023-05-07 02:41:52,12.923793730018376,77.61210256860979,Temporibus magni maxime consectetur deserunt magnam recusandae quod.
314,100060001202500314,202500314,2025-10-02,29,65,3,1,1,4,2025-10-02 08:51:06,17.28764791819493,76.79423508947235,"Ex sint labore inventore asperiores ea. Sequi ullam quis. Quod quibusdam perspiciatis.
Voluptatem iusto mollitia provident. Facilis impedit veritatis aspernatur vero dolorum."
315,100060001202600315,202600315,2026-07-19,26,65,3,2,4,1,2026-07-16 04:18:03,17.31337597995551,76.86714004253513,"Recusandae sint a expedita. Mollitia dicta quis ratione illo neque distinctio. Molestias ducimus eum repellat aperiam dolorem.
Cupiditate cum dolorum nisi. Voluptatem tempore natus."
316,100070001202300316,202300316,2023-09-02,28,75,3,1,5,3,2023-08-29 13:01:40,14.462059230853574,75.88764042699394,"Architecto doloremque natus a natus consectetur deleniti. Deserunt totam voluptate hic facilis in blanditiis.
Debitis at perferendis perspiciatis optio."
317,100010001202400317,202400317,2024-12-13,40,14,3,2,3,2,2024-12-09 20:37:34,12.971707492643569,77.64453513758801,Asperiores temporibus ut. Hic architecto inventore repudiandae. Beatae ipsam commodi qui.
318,100030001202500318,202500318,2025-05-16,19,32,1,1,2,2,2025-05-15 01:32:36,15.353375421077232,75.07469101883503,Deserunt autem eaque ad. Consequatur debitis consequuntur fugit in aliquid ipsam. Odit temporibus nesciunt.
319,100010001202400319,202400319,2024-09-19,11,13,3,1,4,2,2024-09-14 00:37:15,12.962540015116009,77.54970957702125,"Laudantium non cum repellat pariatur libero repudiandae. Deleniti velit ut molestias nesciunt recusandae vero velit.
Ipsam ut voluptatibus qui magni. Accusantium fuga dicta recusandae enim nemo."
320,100050001202600320,202600320,2026-03-27,41,53,1,1,2,3,2026-03-25 08:25:10,15.86448883083819,74.49182269368404,"Dolor perspiciatis sequi et fugiat quam. Nulla iusto molestiae accusantium dignissimos quo aliquam. Dignissimos quis ab dignissimos.
Dicta sequi blanditiis veritatis. Est vel molestiae ab dicta."
321,100010001202400321,202400321,2024-05-05,25,14,1,2,4,4,2024-05-05 15:56:40,12.980402994757041,77.60828624101632,Repellendus libero doloremque ea. Fugit rerum laborum dolores. Sint asperiores vel eos sit.
322,100080001202500322,202500322,2025-12-08,20,81,2,2,5,4,2025-12-03 01:45:17,15.094828727957026,76.95092845026136,Nemo numquam exercitationem dignissimos nemo architecto eius earum. Autem architecto officiis laudantium ad repellat ipsam. Voluptatum corrupti repudiandae laboriosam nulla.
323,100050001202500323,202500323,2025-12-29,8,51,3,2,5,4,2025-12-27 03:15:38,15.896026801589976,74.44915785280439,"Incidunt esse animi iste.
Ipsam amet officiis ipsum vitae. Harum magni asperiores doloremque corrupti architecto veritatis. Ea aperiam similique voluptates dolorum."
324,100010001202400324,202400324,2024-12-15,31,15,1,2,5,1,2024-12-15 23:41:32,13.007564294927453,77.63690026634644,Ea hic facilis sequi. Pariatur totam velit ipsum dolorum. Inventore occaecati beatae ratione.
325,100010001202500325,202500325,2025-07-20,49,12,1,1,5,2,2025-07-18 04:07:58,12.9884112943941,77.59774840429509,"Harum consequatur hic temporibus reiciendis. Delectus deserunt occaecati reprehenderit quod fugiat. Amet quis ducimus commodi.
Sit asperiores enim corrupti."
326,100060001202500326,202500326,2025-05-03,50,64,2,2,2,2,2025-04-28 03:23:07,17.37483628472241,76.8740145363403,Aperiam ab soluta libero beatae accusamus. Eos officiis fugiat fuga non repudiandae.
327,100010001202400327,202400327,2024-06-27,11,15,3,1,2,4,2024-06-25 12:52:40,12.922815298031995,77.60046697082264,Totam officia dolorum temporibus provident. Expedita repudiandae repudiandae corporis in. Deserunt provident eum sit esse.
328,100010001202600328,202600328,2026-01-01,47,14,2,2,2,4,2025-12-31 16:10:44,12.935885871211516,77.60511779630596,Soluta architecto dolor provident quo at ad sit. Culpa commodi recusandae incidunt impedit enim consequatur.
329,100010001202300329,202300329,2023-12-05,35,12,2,1,2,4,2023-12-02 03:07:23,12.938915117402631,77.59027554762594,"Quibusdam ratione ducimus ex.
Esse ipsam voluptas accusamus earum vero sunt. Incidunt in voluptatum.
Reprehenderit culpa autem dolorum perspiciatis facere. Minima praesentium sed soluta."
330,100080001202300330,202300330,2023-04-01,19,81,3,1,4,4,2023-03-31 21:48:42,15.095084446936731,76.90564812261081,"Porro temporibus ea quas. Reiciendis est repellat quia quia.
Molestias ipsum unde laboriosam similique natus. Placeat iste ab dolorem vel."
331,100030001202400331,202400331,2024-03-31,26,35,2,2,1,4,2024-03-28 19:47:24,15.351236131383413,75.08428961488865,Velit commodi vero voluptatum facere beatae. Officia repellendus ipsum et enim in.
332,100010001202500332,202500332,2025-08-06,36,15,3,2,2,3,2025-08-02 16:04:24,12.955156005312682,77.61916962924747,Voluptatum quaerat repellendus vitae. Aliquam consequatur eligendi corporis quia. Dolor vero facere vero modi nemo.
333,100010001202300333,202300333,2023-10-11,26,15,2,2,2,3,2023-10-10 15:03:26,12.958577909958953,77.59321353726847,"Amet eum consectetur maiores. Voluptatem nostrum iste rerum vel perspiciatis. Doloremque quae consequuntur quia.
Accusantium quas optio fugit. Sit accusantium repellat repellat dolor aut."
334,100010001202300334,202300334,2023-11-03,9,15,1,2,1,2,2023-10-29 10:14:19,12.991791689987014,77.60902547705209,Doloremque optio iusto eius explicabo. Sequi repellat omnis consequatur nesciunt adipisci ducimus. Quia expedita soluta magnam.
335,100050001202400335,202400335,2024-10-19,40,53,3,1,4,4,2024-10-15 19:26:56,15.865153797450983,74.4887715499515,Recusandae consequatur quo perferendis odio beatae iusto. Aperiam architecto quasi consequuntur at veniam neque. Modi animi quasi blanditiis.
336,100070001202300336,202300336,2023-01-09,20,72,1,2,3,2,2023-01-06 04:59:42,14.470606668880166,75.92473789786841,Quis ullam accusamus enim iure porro. Perspiciatis dolores fuga dolore doloribus nisi voluptatum optio. Voluptatibus eius voluptate nihil.
337,100010001202400337,202400337,2024-11-21,34,13,2,1,5,2,2024-11-19 23:45:49,12.942822937176334,77.62294730729266,"Exercitationem dignissimos in atque corrupti consequuntur eligendi.
Laboriosam omnis modi explicabo beatae dolorem temporibus. Ipsa debitis vitae illo maxime maxime officia."
338,100010001202500338,202500338,2025-09-21,19,14,2,1,2,1,2025-09-16 13:49:56,13.01505988810779,77.62680809724046,Minima repellendus velit. Iure rem beatae doloribus quae rerum. Unde voluptates excepturi nobis nihil quas.
339,100060001202400339,202400339,2024-12-29,41,64,2,1,5,1,2024-12-24 11:16:15,17.30552578454992,76.8699466897324,Maxime sequi debitis animi. Placeat odit sit possimus officiis. Nostrum tempora fuga non asperiores.
340,100010001202500340,202500340,2025-09-01,46,13,2,2,3,1,2025-08-29 04:03:02,12.955753660567447,77.6273720867259,"Possimus vero cumque cumque nihil. Ea neque ut libero harum at harum.
Totam eveniet quod labore delectus. Molestias beatae nemo labore quidem quam."
341,100060001202500341,202500341,2025-04-13,39,62,2,1,2,1,2025-04-13 14:54:26,17.322201704464295,76.88158279684568,"Culpa eveniet cum id quisquam quis earum repudiandae. Quaerat corrupti ab incidunt ducimus qui.
Pariatur iure aspernatur qui. Culpa soluta consectetur illum aliquid nihil omnis culpa."
342,100050001202500342,202500342,2025-12-03,17,53,2,1,5,1,2025-11-30 08:48:28,15.838645697082372,74.47461127320504,"Doloremque beatae laudantium dolorem corrupti suscipit. Suscipit minus dolores vel minima repudiandae voluptates autem.
Qui similique nobis cumque earum. Quaerat officia consequuntur nemo."
343,100050001202400343,202400343,2024-08-30,22,53,3,2,2,2,2024-08-28 05:42:48,15.854553817473574,74.52251744455069,"Corrupti doloremque enim. Rem doloremque amet inventore.
Eveniet cupiditate ullam corporis optio. Veniam repudiandae incidunt fugiat praesentium optio."
344,100010001202400344,202400344,2024-03-16,48,15,1,1,2,4,2024-03-12 17:25:28,12.987973817563802,77.61464502311613,Atque laboriosam excepturi. Nulla expedita rem aperiam at aut. Assumenda laudantium perferendis natus ullam.
345,100010001202400345,202400345,2024-03-05,44,13,3,1,5,1,2024-03-01 13:12:03,12.93424990671403,77.63567036426376,Nam illum dolore aspernatur fugiat. Minus veritatis quaerat aspernatur. Perferendis deserunt commodi repellat porro molestias. Provident provident nobis maiores deserunt.
346,100010001202300346,202300346,2023-07-25,41,11,3,1,1,4,2023-07-21 06:10:07,12.94011032129874,77.58859871433039,"Necessitatibus iste necessitatibus aut qui. Necessitatibus alias harum minima repellat hic.
Cupiditate voluptatum voluptas explicabo laboriosam dolorem dolore fugit. Sed ullam accusantium et odio."
347,100080001202500347,202500347,2025-10-29,21,81,2,2,2,2,2025-10-29 15:28:39,15.162350640626025,76.9685148056994,Sapiente aperiam impedit labore odio modi quam. Fugiat voluptas id accusantium dicta hic sunt necessitatibus.
348,100020001202300348,202300348,2023-03-24,15,24,3,2,3,2,2023-03-21 14:48:05,12.288859113152828,76.6578899062163,Molestias laborum necessitatibus ab eius ex. Architecto magnam molestiae qui facere. Ipsa magni dolorum dolore tempora quas.
349,100010001202300349,202300349,2023-05-01,11,11,1,2,1,3,2023-04-26 21:27:24,12.948578270002665,77.57959737666344,Rem odio quasi recusandae rem quo. Quasi cupiditate neque magnam sequi nobis eos. Quam occaecati consequuntur similique iste tempora.
350,100010001202600350,202600350,2026-02-14,15,12,2,2,5,2,2026-02-09 04:35:54,13.004539393900222,77.5949239205567,"Qui itaque autem eius asperiores quibusdam voluptatem iusto. Praesentium possimus delectus culpa.
Ex et deserunt minima voluptate eos ullam."
351,100010001202300351,202300351,2023-11-29,19,15,1,2,5,1,2023-11-24 16:42:30,12.95715438989565,77.61132688048941,Necessitatibus fuga eaque dolore. Doloremque reprehenderit nobis ducimus saepe quis libero similique. Iste consequuntur neque amet a quidem quasi itaque.
352,100010001202300352,202300352,2023-06-05,47,11,1,2,5,1,2023-05-31 12:31:16,13.021559762178109,77.58331884296311,Itaque omnis consequatur deserunt consequatur. Doloribus consequatur minima. Maxime aliquid sed porro.
353,100010001202300353,202300353,2023-05-17,18,14,1,2,5,1,2023-05-16 09:50:49,12.975907472949459,77.627096185912,"Officiis optio accusamus labore sed quo. Ducimus consequatur consequatur esse blanditiis assumenda.
Iusto aut molestiae excepturi."
354,100070001202600354,202600354,2026-01-08,18,71,3,2,2,1,2026-01-07 08:16:13,14.43343811931852,75.9066869413217,Laborum consequatur reprehenderit quidem dolorem. Suscipit quas fugit totam.
355,100010001202600355,202600355,2026-03-10,49,14,3,2,3,1,2026-03-09 02:08:49,12.941567641903651,77.57183449923642,"Nostrum id at eligendi iure nostrum sequi. Nesciunt odit adipisci quae dignissimos possimus.
Quas porro cumque."
356,100010001202500356,202500356,2025-02-17,33,11,1,1,2,1,2025-02-17 09:56:57,12.985517397039974,77.5660662059847,"Nobis nemo odit beatae magni ad. Corporis distinctio molestiae odio velit.
Non quas libero maiores. Error neque possimus omnis nisi odit."
357,100010001202600357,202600357,2026-04-04,44,13,1,2,5,2,2026-04-01 00:07:04,12.982706679716646,77.55648762623048,Sed deserunt ducimus natus magni. Iure perspiciatis at esse corporis hic mollitia.
358,100020001202500358,202500358,2025-01-03,26,21,3,2,5,1,2025-01-01 15:08:48,12.285631395486904,76.6889037623347,"Occaecati nulla sint.
Repellendus iusto molestiae id.
Autem incidunt fugiat officia. Nesciunt harum dolor nemo atque. Mollitia ratione id perferendis."
359,100060001202300359,202300359,2023-10-06,32,63,2,1,2,1,2023-10-04 06:15:17,17.353327833437117,76.79753128990184,Doloribus suscipit pariatur provident fugit. Doloribus occaecati minus harum facere odio animi iure. Culpa molestiae et rem quae numquam quis.
360,100020001202300360,202300360,2023-07-11,25,22,3,1,1,2,2023-07-10 05:16:27,12.253323028536478,76.64838135846024,"Et rem ea aliquid quia. Et ab consequuntur exercitationem.
Saepe harum sed. Qui cumque voluptas expedita.
Blanditiis aliquam alias aliquid sequi quod. Earum unde tempora maiores quae harum."
361,100010001202500361,202500361,2025-07-18,6,12,3,1,2,3,2025-07-17 22:35:22,12.929290806378772,77.63828181960825,"Omnis vero molestias nostrum.
Itaque architecto quidem debitis. Animi perferendis dolores ipsum delectus. Libero doloribus nesciunt autem adipisci molestiae."
362,100060001202400362,202400362,2024-02-04,41,63,1,1,4,1,2024-02-04 16:35:31,17.335785526771637,76.82611983831308,Ipsum repellat sed repellendus. Dolorem quas optio animi minus est ullam. Quisquam perspiciatis pariatur ex culpa nulla.
363,100020001202300363,202300363,2023-08-19,49,23,2,1,2,2,2023-08-16 07:36:59,12.345220247148808,76.63439565709496,Corporis dolorum earum suscipit voluptas aliquam provident earum. Quaerat ducimus deleniti cum animi velit. Repellat deleniti ipsum deserunt sapiente vel expedita.
364,100060001202400364,202400364,2024-12-27,8,64,1,2,2,1,2024-12-22 14:18:58,17.358287341984987,76.79374465186105,Voluptatibus minus sint dicta recusandae. Tempora autem deleniti aspernatur quasi. Explicabo voluptatum omnis reiciendis accusantium.
365,100010001202300365,202300365,2023-05-18,18,15,1,1,2,2,2023-05-13 03:41:34,12.97973301166883,77.58493103264797,Non tenetur odit dicta. Vel ipsam temporibus cum sint culpa. Eius aspernatur blanditiis perspiciatis enim earum a.
366,100070001202300366,202300366,2023-08-27,29,74,1,1,2,4,2023-08-25 15:39:02,14.462294542330234,75.9712211172584,Placeat possimus adipisci alias. Quibusdam optio eveniet voluptatibus accusamus. Doloremque placeat voluptate.
367,100010001202400367,202400367,2024-01-07,11,11,2,1,5,4,2024-01-05 07:28:36,12.96000086602287,77.60660729657309,Blanditiis eligendi officiis ullam eius natus. Mollitia molestias quos distinctio quo totam dolorem voluptate. Numquam ipsum eos quisquam tenetur.
368,100010001202400368,202400368,2024-06-20,5,13,2,1,5,2,2024-06-16 02:57:26,12.995133202022691,77.58228914542403,"Perferendis eaque magnam ex esse officiis nulla molestiae.
At odio saepe. Optio repellat voluptatum quam iusto nisi."
369,100010001202400369,202400369,2024-04-28,21,13,3,1,2,2,2024-04-24 18:39:23,12.96798158840551,77.60566039318043,"Dolorum praesentium quisquam ea velit et modi. Ex nihil cupiditate pariatur dicta.
Non sed veniam sunt. Libero nesciunt officiis labore. Aliquid nisi totam nisi ut ullam."
370,100010001202300370,202300370,2023-12-06,10,12,1,1,5,4,2023-12-06 08:58:42,12.984237425719293,77.56115224741896,"Saepe velit aperiam sed nihil blanditiis. Accusamus alias recusandae temporibus est animi nulla suscipit. Optio ab veritatis eum veniam enim odit.
Facere labore esse. Cum ipsum possimus eius."
371,100020001202600371,202600371,2026-04-09,28,25,1,1,3,4,2026-04-06 02:52:04,12.260225871558667,76.66375664054074,"Quibusdam voluptate voluptatum consectetur tenetur. Aperiam fugit a voluptates eos minus ut.
Laborum velit illum nisi ipsa aspernatur pariatur neque. Non ex magnam beatae pariatur cum officia."
372,100060001202500372,202500372,2025-04-01,30,64,2,1,2,4,2025-03-30 08:21:41,17.320292379917777,76.82319127780835,"Expedita id tenetur totam fugiat. Voluptatibus dolor nisi aut ipsam quo.
Quod repellat molestiae accusamus ratione odio. Qui molestias quos alias corporis."
373,100020001202300373,202300373,2023-06-30,4,21,1,2,2,4,2023-06-28 05:38:43,12.249801619922867,76.60688715517081,Laborum hic rem consectetur et corrupti. Mollitia atque cum eum suscipit nemo corrupti. Voluptas dolore mollitia nemo delectus dolorem nesciunt.
374,100010001202400374,202400374,2024-02-15,4,14,2,1,5,3,2024-02-13 20:56:29,12.927800395007596,77.62558431674324,"Corrupti aliquam et suscipit. Explicabo ipsa perferendis temporibus laboriosam distinctio.
Maxime quisquam a quibusdam ipsum dolorum culpa. Nisi vel corrupti quibusdam."
375,100010001202500375,202500375,2025-05-25,8,11,3,1,2,2,2025-05-23 20:54:04,12.965237083665519,77.62703409443101,"Dolore odio laudantium necessitatibus rerum repudiandae voluptate vero. Nemo id nulla debitis est temporibus quibusdam.
Sed adipisci placeat quis."
376,100010001202300376,202300376,2023-09-19,21,15,3,1,2,2,2023-09-14 10:40:23,12.987234202017234,77.61665153480931,Deleniti itaque velit numquam omnis facere quod itaque. Quas molestiae recusandae distinctio ab atque ratione. Architecto nulla tempore officiis doloribus expedita.
377,100080001202400377,202400377,2024-11-17,19,84,1,2,5,2,2024-11-16 16:12:22,15.185651957669206,76.93595327289353,Autem laudantium perspiciatis libero molestiae. Amet iure enim eveniet suscipit et earum.
378,100010001202400378,202400378,2024-05-04,39,14,1,1,1,1,2024-04-30 05:51:06,12.933665201733389,77.57794596116096,"Autem quidem molestias cupiditate ratione excepturi voluptatibus. Explicabo soluta modi deleniti iste.
Eius aperiam aut ratione laboriosam ipsum illum."
379,100010001202400379,202400379,2024-05-25,7,11,3,2,5,2,2024-05-23 04:08:03,13.016226450164641,77.57730400309099,Explicabo voluptatum nobis ex saepe natus nostrum. Ut iusto quibusdam eaque tempora neque harum ipsa. Impedit sed nesciunt ratione vel. Corrupti neque culpa reprehenderit deleniti officia.
380,100010001202300380,202300380,2023-04-14,19,13,3,1,5,1,2023-04-14 00:23:59,12.945994404581258,77.55392171085882,Eveniet nihil in nobis officia consequuntur animi. Ipsum illo veniam ipsa voluptate mollitia praesentium. Ad quia dolorem explicabo esse asperiores similique.
381,100050001202500381,202500381,2025-09-18,30,53,1,1,5,4,2025-09-14 20:32:20,15.859256286134535,74.4674716089012,"Beatae magni labore ex voluptas beatae. Ullam omnis tenetur neque. Quia tenetur facere fugit quis inventore.
Ullam quod eligendi. Odit aut enim. Quidem ipsa illo corrupti."
382,100010001202400382,202400382,2024-09-29,2,12,2,1,2,1,2024-09-24 15:22:41,12.958179470892555,77.56825865853612,"Rerum similique repellendus. Deserunt placeat error.
Nemo iusto sint tenetur voluptate eaque explicabo. Voluptas nostrum quasi incidunt sunt.
Quam ullam iure dignissimos non vel laudantium."
383,100010001202500383,202500383,2025-12-22,4,12,2,1,2,1,2025-12-18 06:15:15,12.926778474899152,77.58735020190973,"Deleniti saepe sunt illum.
Enim repudiandae nisi assumenda.
Quos voluptates laborum neque. Nostrum reiciendis odio vel atque. Culpa ex rerum veritatis error asperiores officiis."
384,100030001202400384,202400384,2024-07-23,13,32,1,1,5,3,2024-07-18 01:16:46,15.399523482841694,75.13703410757141,Voluptatem dicta temporibus quas assumenda ab explicabo. Corrupti quaerat soluta maiores maxime est. Nulla facere ratione odio.
385,100010001202500385,202500385,2025-03-13,11,13,2,2,2,3,2025-03-11 14:54:01,13.007959435639648,77.56354187987533,"Vel maiores rem voluptatum unde minima. Perspiciatis vel cum deserunt itaque. Debitis quo minima nisi harum quam error culpa.
Aperiam cumque sit eaque. Iure tenetur minus."
386,100030001202500386,202500386,2025-06-28,39,31,3,2,1,2,2025-06-25 10:38:59,15.41247524025696,75.10647500898212,"Fugit illo reprehenderit nostrum quidem similique. Optio provident corporis.
Facere ipsam ea dolorum maxime necessitatibus. Nobis itaque minima vero. Nulla quam commodi vel tempore."
387,100010001202300387,202300387,2023-03-09,17,14,2,2,2,2,2023-03-08 08:50:11,12.959396000142881,77.6178674259882,Sapiente ab earum exercitationem placeat officiis sint alias. Iste recusandae omnis similique optio tempora repellat. Expedita temporibus tenetur. Impedit qui quibusdam adipisci.
388,100010001202400388,202400388,2024-01-30,13,14,2,2,2,4,2024-01-28 02:52:36,12.92872779493813,77.5958681662128,"Cumque soluta impedit laboriosam. Excepturi placeat adipisci veritatis iusto esse.
Placeat laborum ea minus tenetur. Fugit illum maxime non.
Nam eum consequuntur voluptatibus odit."
389,100040001202300389,202300389,2023-09-11,33,42,1,2,3,3,2023-09-06 03:36:19,12.959843897440937,74.89710165854804,Earum quam neque beatae excepturi debitis facilis quod. Ex ex similique hic doloremque. Vitae aperiam nemo numquam laudantium accusamus beatae. Porro ex cumque in.
390,100010001202400390,202400390,2024-11-08,8,14,1,2,5,2,2024-11-06 04:52:03,12.922740108720225,77.55176418178209,Blanditiis occaecati sint accusamus. Nisi voluptates blanditiis maxime ullam neque molestias. Alias hic quas velit reiciendis ut. Quo hic nostrum magni non.
391,100010001202600391,202600391,2026-07-18,37,13,1,2,3,3,2026-07-15 14:20:12,13.00599113438459,77.59643547944665,"Voluptatem rerum voluptatibus.
Perferendis autem voluptatibus.
Saepe rem vel nobis. Incidunt doloribus magnam enim cumque est libero. Quidem quos assumenda aspernatur perspiciatis in aliquam qui."
392,100010001202300392,202300392,2023-09-17,19,15,1,2,2,2,2023-09-12 09:27:39,12.945374535606733,77.57240665811057,Nostrum laborum ipsum sunt occaecati voluptates similique fuga. Quibusdam necessitatibus est. Voluptates consequatur illo expedita beatae.
393,100010001202400393,202400393,2024-04-01,30,11,1,1,3,2,2024-03-29 12:44:38,12.997428877793496,77.61075622454118,"Sed assumenda temporibus eum temporibus omnis. Aperiam numquam accusamus consectetur.
Aliquid occaecati nesciunt ipsum necessitatibus itaque aspernatur sint. Ducimus vero amet voluptas debitis."
394,100020001202500394,202500394,2025-11-22,13,23,1,2,3,4,2025-11-19 17:24:08,12.25171621559368,76.60363656545685,"Quos repudiandae officia ea ea praesentium doloribus.
Voluptate asperiores nihil enim saepe aspernatur repellendus. Occaecati iste atque optio sint hic provident. Recusandae ducimus laboriosam ex."
395,100010001202400395,202400395,2024-12-05,31,15,1,2,4,2,2024-11-30 05:40:41,12.968064190150368,77.64187983249525,Assumenda neque possimus ea labore. At blanditiis amet animi officiis cupiditate voluptatibus. Nulla dolor dolores.
396,100010001202500396,202500396,2025-10-23,27,12,2,2,3,2,2025-10-21 08:51:19,12.999546852616065,77.57465626803484,"Sint laboriosam earum. Excepturi fugit nesciunt dolore vero ipsam.
Autem praesentium et pariatur. Eligendi reprehenderit magni commodi ab dolorum esse. Tenetur dolorem mollitia."
397,100010001202600397,202600397,2026-03-23,8,14,2,1,5,2,2026-03-20 18:47:20,12.979514879392239,77.64007177911687,"Veniam voluptates dignissimos dolor incidunt. Aut doloribus facilis omnis culpa.
Quibusdam reiciendis assumenda voluptates voluptate reiciendis quo. Ipsa iusto hic fugiat magnam."
398,100030001202600398,202600398,2026-06-09,16,34,3,2,5,2,2026-06-07 02:39:24,15.34016499610069,75.16903816646348,Ratione unde id pariatur illum exercitationem sint tempore. Repellat quasi ut exercitationem provident corporis.
399,100040001202300399,202300399,2023-07-11,35,45,2,2,3,2,2023-07-08 06:21:35,12.948365526240176,74.81661277570967,"Voluptas voluptates mollitia nobis ad cum. Molestias omnis quisquam ducimus.
Doloremque autem ipsa consequuntur libero beatae eius. Accusantium dicta neque. Cumque qui eius hic."
400,100010001202600400,202600400,2026-01-04,49,13,2,2,4,1,2026-01-01 19:45:50,13.008093152322207,77.56151828943091,Consectetur aperiam veritatis quia. Voluptate odit doloribus sit similique sit reprehenderit. Itaque error reprehenderit voluptatum molestiae excepturi debitis.
401,100020001202500401,202500401,2025-11-01,3,22,1,2,3,3,2025-10-31 14:08:00,12.317033628797882,76.66991682445874,Ut sunt eligendi nihil id temporibus. Accusamus voluptatum ea ad soluta nihil. Numquam repellendus magni temporibus maxime praesentium illum.
402,100010001202500402,202500402,2025-12-18,46,14,2,2,2,4,2025-12-13 01:48:18,12.93301400702783,77.62156665545915,"Ipsa nihil optio veritatis neque illo.
Eveniet animi hic. Totam exercitationem asperiores corrupti. Libero sit eaque tenetur perspiciatis."
403,100010001202500403,202500403,2025-12-22,49,11,1,2,2,2,2025-12-20 20:15:04,12.946370567643932,77.5749634917079,Id quasi explicabo dignissimos. Laborum possimus explicabo accusantium iure dolores. Quis vero minus. Officiis libero ipsam illum officia est laudantium.
404,100020001202400404,202400404,2024-01-10,15,22,2,2,2,2,2024-01-07 22:10:43,12.335448518766912,76.61655781045124,Natus explicabo est iure porro minus cum. Vel suscipit placeat at perferendis illo culpa eius. Porro eum dolore dolores.
405,100010001202400405,202400405,2024-06-02,14,12,3,1,5,1,2024-05-30 10:41:55,13.003480533157203,77.60852573990299,"Ullam nostrum pariatur dicta.
Molestiae non similique. Maxime corporis consequatur. Maxime fugiat quod odio libero corrupti."
406,100070001202300406,202300406,2023-12-01,15,74,1,1,2,1,2023-11-28 18:44:20,14.504321176274559,75.89258084534417,Illo facilis consectetur mollitia natus. Ipsa quasi sit eaque quisquam beatae quos molestiae. Occaecati dolore deserunt ex repellat tempora eligendi.
407,100080001202400407,202400407,2024-03-31,23,84,3,2,2,3,2024-03-30 15:45:00,15.119700267924332,76.90995486705513,"Molestiae itaque mollitia. Cumque excepturi sunt amet aut deleniti voluptatum.
Tenetur voluptates delectus iste deserunt unde. Cum explicabo ullam."
408,100020001202400408,202400408,2024-03-10,27,25,1,2,5,3,2024-03-06 18:36:51,12.299244239322682,76.65480403461191,"Neque neque quam deleniti totam molestias. Enim laudantium velit suscipit enim fuga nisi repellat.
Quas voluptatem praesentium laboriosam. Dolores sequi quod quia eos."
409,100010001202300409,202300409,2023-07-07,47,12,3,1,3,4,2023-07-07 05:21:56,12.956383801332903,77.6293276484539,Doloremque veritatis ab dignissimos beatae quia. Cumque hic asperiores. Consequuntur odio esse excepturi ipsum.
410,100020001202400410,202400410,2024-01-03,12,22,2,1,2,1,2024-01-03 20:44:12,12.261359749185692,76.63367321575625,Aperiam perferendis expedita fugit quae. Ut doloribus atque eligendi amet. Eum velit vitae iusto ut occaecati velit. Fuga sunt eveniet delectus.
411,100010001202300411,202300411,2023-05-14,49,15,2,1,1,1,2023-05-12 08:37:30,12.97573651039691,77.58214830149637,Recusandae aliquid facere assumenda. Voluptatibus molestiae animi possimus ea ipsam. Ipsum odio dicta architecto quidem id temporibus.
412,100050001202400412,202400412,2024-10-08,29,51,1,2,2,4,2024-10-07 11:26:00,15.81561029111954,74.48957199995601,Consequuntur nihil odit corrupti cumque molestiae nisi. Dolorum est perspiciatis dolore temporibus. Aliquam expedita quidem sunt dolorum maiores voluptatibus.
413,100010001202500413,202500413,2025-09-09,19,15,2,1,5,1,2025-09-07 19:17:37,12.940697215686953,77.63756498931663,"Distinctio dicta reprehenderit quae quasi totam.
Laboriosam id officia voluptate expedita dolor dolor. Odit magnam cupiditate dolorem. Nisi eum accusantium veniam libero dolore nesciunt velit."
414,100080001202500414,202500414,2025-11-26,3,85,2,2,3,2,2025-11-24 22:17:51,15.177430921644202,76.91020970113595,"Magni facere non sint cupiditate. Vel esse molestias atque. Nesciunt natus assumenda id adipisci quisquam.
Officiis rerum ex error. Occaecati perspiciatis libero assumenda pariatur."
415,100010001202300415,202300415,2023-12-20,24,11,1,1,4,1,2023-12-20 16:52:53,12.966082408439998,77.5723366114246,Reprehenderit culpa dicta voluptate distinctio. Aperiam libero voluptas non dolores repellat alias ullam.
416,100010001202600416,202600416,2026-04-28,25,12,3,2,2,3,2026-04-25 06:22:08,12.94120259097949,77.63713606182546,Corrupti officiis rem neque. Unde repellendus minima quod. Perferendis repellat nesciunt nesciunt eius dolorem fuga.
417,100020001202500417,202500417,2025-02-17,23,23,3,2,2,4,2025-02-13 16:12:14,12.276758464581867,76.61758496086598,"Praesentium nobis harum cum inventore qui. Saepe facere exercitationem accusamus nostrum magni autem.
Vitae porro totam et accusantium consequuntur rem. Aperiam nesciunt autem dignissimos facilis."
418,100010001202400418,202400418,2024-09-27,22,11,2,1,1,1,2024-09-22 17:06:58,13.013993556265577,77.5653017866646,Eum laudantium delectus iure neque. Totam corrupti maxime fuga est animi quia. Rem hic eos neque incidunt. Molestias illo voluptatem.
419,100080001202300419,202300419,2023-03-27,45,82,2,1,2,1,2023-03-22 11:42:12,15.156194565912525,76.95419796493005,Natus autem itaque incidunt rerum. Eligendi nisi voluptate nostrum. Rem libero beatae suscipit corporis quod. Voluptatum voluptatibus architecto hic unde sed eaque.
420,100010001202400420,202400420,2024-07-21,10,14,1,1,1,2,2024-07-16 15:34:09,12.986483126740358,77.56860293231983,Quod pariatur quasi eveniet. Veritatis quaerat alias est. Laborum repudiandae veniam ad ab laboriosam iure sunt.
421,100060001202400421,202400421,2024-06-23,19,63,1,2,5,4,2024-06-19 01:37:57,17.282336300801624,76.84012570020744,"Quam dolor temporibus molestiae earum. Repudiandae aspernatur quibusdam voluptatum.
Reiciendis aperiam accusantium voluptatibus commodi voluptatibus error eaque."
422,100010001202600422,202600422,2026-04-18,41,12,2,2,5,3,2026-04-14 20:33:12,12.945685429757372,77.6176418709168,Quibusdam sunt tenetur eius dolorem nisi. Ut laudantium voluptatum accusantium eos consequatur. Quo maxime nobis quis dignissimos quae adipisci et. Unde iste eius impedit nam pariatur.
423,100030001202500423,202500423,2025-10-01,49,32,2,2,2,1,2025-09-30 14:18:22,15.380819755160072,75.08204391401844,Ab consectetur repellat id cum nesciunt rerum. Voluptas doloribus veniam repellendus modi vel id laudantium.
424,100030001202300424,202300424,2023-10-01,42,31,3,2,2,2,2023-09-26 03:54:55,15.317211937806979,75.10821986596534,"Doloremque magni sequi alias molestiae placeat soluta ipsum. Occaecati aut iure quo error voluptas perferendis.
Maiores voluptatibus debitis."
425,100020001202300425,202300425,2023-01-17,23,22,2,1,5,4,2023-01-15 07:11:00,12.273441935071327,76.60015193435471,"Hic dignissimos eligendi architecto. Enim impedit excepturi officia.
Dolore officia fuga porro. Quo sapiente nulla numquam quo nisi eaque."
426,100010001202500426,202500426,2025-06-26,36,11,3,1,3,3,2025-06-21 00:28:40,12.999566508533572,77.58193410822402,Veritatis molestiae laborum repellendus culpa id optio. Quasi porro architecto aspernatur nostrum. Numquam quo aspernatur porro nostrum perferendis.
427,100010001202300427,202300427,2023-02-09,35,13,1,2,1,1,2023-02-09 08:08:31,12.968831766557125,77.63766594362093,Architecto ea asperiores beatae voluptatum. Porro recusandae odit tenetur nulla officia. Repellat sequi modi corrupti.
428,100020001202500428,202500428,2025-06-01,9,24,3,2,2,1,2025-05-27 07:42:36,12.299999569703767,76.67293556640931,"Architecto architecto voluptatibus rem placeat cumque repellat. Doloribus praesentium nesciunt atque.
Officiis enim minus."
429,100060001202400429,202400429,2024-02-09,35,63,1,1,2,1,2024-02-08 12:28:59,17.35657453917743,76.83359705658015,"Aut quibusdam nisi sunt cum ea laboriosam. Corrupti illo nulla doloribus amet.
Dolores voluptatibus et cum quaerat. Iusto exercitationem rerum perferendis ut id velit iusto."
430,100010001202400430,202400430,2024-11-28,34,11,2,2,5,1,2024-11-24 19:08:11,12.933574908376197,77.60733529094917,Molestiae et corporis assumenda reiciendis quia accusamus. Tempore est totam voluptas illo.
431,100020001202400431,202400431,2024-02-01,45,21,1,2,2,4,2024-02-01 03:13:01,12.262896298586734,76.59597811995576,Inventore earum voluptatibus error. Culpa debitis laborum impedit voluptas incidunt repellendus. Tempore cupiditate quae aliquid natus dignissimos. Accusantium minus quod amet modi facere.
432,100050001202500432,202500432,2025-11-01,6,51,2,2,2,2,2025-10-27 23:21:55,15.88033681622372,74.45801998480175,Consectetur omnis doloremque doloribus. Corrupti numquam fuga.
433,100010001202500433,202500433,2025-10-23,28,15,2,1,2,3,2025-10-23 03:45:00,12.979808598922363,77.57764050834595,"Facere ea saepe magni ipsa. A voluptatum earum rerum quo magnam.
Quo numquam nihil ratione. Eum rerum harum aliquid architecto. Dolor veritatis voluptas et culpa saepe."
434,100020001202500434,202500434,2025-11-16,4,23,3,2,2,4,2025-11-15 18:51:02,12.34562741994506,76.66216506214118,Corrupti eius cum commodi non. Voluptas asperiores quaerat iste quia. Voluptatem distinctio quasi vero. Saepe cum ab impedit omnis laborum.
435,100010001202300435,202300435,2023-04-23,31,12,1,2,5,4,2023-04-23 00:16:52,12.983790922080555,77.59273972156878,Ex quae corrupti sit error officiis. At nobis consequatur molestiae. Quas voluptatibus cum velit debitis fugit praesentium. Ea a amet quisquam unde quod.
436,100010001202600436,202600436,2026-07-18,18,15,1,2,5,4,2026-07-18 02:15:07,12.95610762304443,77.64278424783932,Debitis cum voluptatibus aliquid voluptatum. Pariatur voluptatibus maxime tempore architecto. Adipisci similique mollitia consequatur voluptatibus asperiores. Sapiente eius aperiam libero commodi.
437,100010001202400437,202400437,2024-08-10,22,14,2,2,5,1,2024-08-09 13:45:08,12.939876388792705,77.58067461916662,Voluptates distinctio quas laboriosam quia. Temporibus dolor sequi distinctio labore porro.
438,100020001202400438,202400438,2024-11-22,8,25,3,2,2,2,2024-11-22 05:56:34,12.290580826106924,76.65268730822056,Dignissimos cumque deserunt dolores quo quae doloribus. Perspiciatis voluptas inventore. Provident aliquid sint vitae adipisci beatae.
439,100010001202600439,202600439,2026-03-04,15,13,1,2,5,3,2026-03-03 08:45:26,13.009930166501686,77.6183663871975,Praesentium beatae corporis velit. Modi non consequatur vero. Aspernatur numquam voluptatibus voluptates deleniti saepe est id.
440,100070001202400440,202400440,2024-11-29,4,72,1,2,1,1,2024-11-28 11:14:08,14.47358776165062,75.95445341161209,Optio sequi illum nobis reiciendis veritatis tempora. Quidem repellendus voluptas. Doloremque vero ab iste.
441,100010001202300441,202300441,2023-12-23,39,14,1,2,5,2,2023-12-21 17:53:54,12.99463107736472,77.56150128139932,"Debitis quis hic dolores. Quidem libero maxime deleniti minima fugit.
Est distinctio magnam provident id et corrupti. Rerum eaque aperiam consectetur id porro."
442,100050001202600442,202600442,2026-01-14,37,54,2,2,2,2,2026-01-12 01:23:34,15.883953839802619,74.54151314697774,Impedit voluptate enim at sint ea quam. Error sequi reiciendis est at nulla. Accusantium natus iusto repellendus dolore optio dolor.
443,100010001202300443,202300443,2023-10-17,46,12,2,2,2,2,2023-10-16 14:21:39,12.97647406662802,77.58373786921516,Sunt enim rerum ipsam. Eos corrupti sapiente placeat delectus dolores voluptas.
444,100010001202600444,202600444,2026-04-19,6,15,3,1,5,2,2026-04-15 15:43:53,12.930293175911814,77.58405083741289,Quaerat est dolore repellendus quam tempore reiciendis. Inventore modi est molestias. Numquam consequatur doloribus ipsa mollitia exercitationem saepe veritatis.
445,100010001202500445,202500445,2025-06-03,41,14,2,2,5,1,2025-06-01 01:59:33,13.010367927210709,77.55467881252396,"Odio sit eligendi. Autem neque nihil culpa magnam. Quisquam illo libero voluptatem.
Blanditiis autem ab dolore harum. Quaerat eius voluptates nihil voluptate nobis."
446,100030001202300446,202300446,2023-07-07,25,35,3,2,4,4,2023-07-02 21:53:12,15.337122318641915,75.1572475172064,Accusamus similique sint quibusdam voluptatem dicta voluptate. Eius id alias fuga commodi eius consequatur.
447,100010001202300447,202300447,2023-02-20,39,12,2,1,2,2,2023-02-18 08:34:00,13.015541808737373,77.58081010259001,"Eligendi eligendi eaque voluptatum eius.
Assumenda aspernatur saepe quae officiis exercitationem ipsum. Minus necessitatibus corporis officiis. Illo doloribus harum suscipit."
448,100050001202600448,202600448,2026-03-09,47,55,2,2,2,1,2026-03-08 08:41:25,15.825399479380993,74.47434432848668,Corrupti eaque sint. Ipsam fugiat voluptates impedit. Maiores autem illo laudantium minus architecto officia.
449,100010001202300449,202300449,2023-09-15,50,12,3,1,5,4,2023-09-13 05:05:34,12.995444126770863,77.55834402428358,Atque expedita veritatis ratione. Culpa exercitationem minus nesciunt recusandae similique ea earum.
450,100010001202300450,202300450,2023-04-06,14,13,1,2,2,4,2023-04-05 05:02:30,12.95041800508335,77.56364595125557,"Beatae dolores quibusdam culpa culpa vero beatae. Maxime totam molestias.
Impedit modi a aut corporis temporibus numquam."
451,100010001202300451,202300451,2023-09-12,23,14,3,1,2,4,2023-09-07 02:15:30,12.922241957010781,77.61166417923484,"Sunt porro sunt. Voluptas quibusdam natus voluptatem.
Corrupti nesciunt architecto rerum. Possimus quae id amet. Dolore tempore velit eos fugit error magnam."
452,100020001202500452,202500452,2025-08-09,6,22,1,2,5,4,2025-08-08 23:28:39,12.322072405480899,76.6308660012973,"Laborum aliquid dolorum expedita corrupti. Sequi sint fuga quae. Voluptatum tempora rerum perferendis occaecati.
Dolores excepturi quasi nam modi. Consectetur aliquid ab sint quo odio eum."
453,100010001202600453,202600453,2026-04-08,47,12,3,1,5,3,2026-04-07 19:36:56,13.021270212236308,77.57197286537269,Atque tempore ratione laborum voluptates perferendis ipsa illo. Repudiandae et tempore optio.
454,100060001202500454,202500454,2025-02-01,20,65,1,1,2,2,2025-01-28 18:19:25,17.326724656058936,76.88034339616846,"Eaque quo optio. Esse autem itaque ea adipisci. Rerum sit assumenda. Aut illo alias.
Maiores eveniet repudiandae rem alias explicabo velit ullam. Pariatur architecto quia nihil."
455,100010001202400455,202400455,2024-10-09,25,13,2,1,2,1,2024-10-06 14:23:55,12.9906090043189,77.55562691975821,Debitis molestiae quia quia ex. Quae eveniet autem inventore nulla occaecati. Quae dolorum tenetur aperiam culpa quos eligendi quisquam.
456,100020001202500456,202500456,2025-01-21,26,21,1,1,2,3,2025-01-20 17:58:47,12.323939149958099,76.67045016589647,Quibusdam aperiam maiores fugit itaque et recusandae. Animi sint aliquid officiis praesentium aspernatur.
457,100010001202500457,202500457,2025-07-29,32,15,3,1,2,3,2025-07-25 08:06:59,13.009689199490081,77.54862258212167,"Eligendi nulla voluptate nisi dolorum ipsa totam.
Delectus porro quibusdam ab. Cum tempore similique facilis. Atque voluptate ipsum dolorum voluptate rerum."
458,100030001202500458,202500458,2025-08-25,40,32,3,2,3,4,2025-08-23 01:35:42,15.38636631822282,75.10248386521597,Laudantium nostrum quis sequi. Magnam necessitatibus assumenda atque voluptatum. Corporis deserunt natus repudiandae nesciunt culpa harum. Et quasi commodi magni.
459,100010001202500459,202500459,2025-05-23,4,15,1,2,2,4,2025-05-18 00:44:25,12.943923338222781,77.59432733487786,"Ipsa dolorem accusantium. Eos officiis nulla maxime maxime quidem.
Pariatur ab adipisci eligendi quidem facilis. Eius eaque in facere voluptatem."
460,100010001202600460,202600460,2026-04-11,47,14,2,1,2,4,2026-04-08 13:46:08,12.953363765899157,77.60190638866283,Aliquid optio similique reiciendis quasi fugit ipsum. Commodi vitae fugiat esse quia quidem laboriosam. Dolorem vero unde cupiditate exercitationem molestiae enim impedit.
461,100010001202400461,202400461,2024-06-23,5,13,1,2,5,1,2024-06-19 20:19:38,13.011209241898891,77.63891478042024,Vero veritatis consectetur dignissimos rerum odio. Laborum animi in blanditiis aspernatur dolores. Repudiandae dolores illo nesciunt magnam esse.
462,100080001202400462,202400462,2024-04-29,18,82,1,1,4,3,2024-04-28 22:37:20,15.138685132488314,76.92636921837118,Modi enim animi doloribus. Ad animi dolorem porro maiores. Vero quos molestiae a dolore ipsum.
463,100010001202500463,202500463,2025-08-05,40,12,2,2,1,2,2025-08-03 23:41:01,12.9566263727556,77.55478189163232,"Rem aperiam voluptatibus totam perspiciatis. Asperiores eaque amet nemo non fugiat.
Rerum asperiores assumenda sunt. Tenetur labore non quidem. Voluptas repellendus aut necessitatibus."
464,100060001202500464,202500464,2025-09-11,26,63,2,1,2,2,2025-09-10 10:07:00,17.3764094881226,76.88245533788293,"Cum hic omnis velit ratione id. Atque saepe culpa nostrum itaque explicabo.
Ab eveniet numquam maxime error aliquid.
Qui sequi deleniti corporis repellendus. Ipsum earum ipsum velit quis."
465,100010001202500465,202500465,2025-05-08,30,13,2,2,5,1,2025-05-03 00:13:12,12.93366857105245,77.6297281438588,"Quo blanditiis libero sapiente.
Nobis aut inventore quibusdam. Dolore laborum eum corrupti. Minima suscipit alias amet impedit quisquam."
466,100010001202500466,202500466,2025-12-25,14,14,2,1,5,2,2025-12-24 01:44:57,13.009094399450271,77.59843264480466,Aspernatur vero nihil illo numquam. Debitis ad dignissimos enim voluptas. Architecto distinctio nesciunt iusto unde dolor itaque.
467,100040001202500467,202500467,2025-04-11,50,42,2,2,3,1,2025-04-06 22:30:44,12.959300835551456,74.82336947587521,"Aspernatur sequi libero dignissimos. Tempore odit assumenda aspernatur veritatis quos architecto.
Ipsam in nam natus amet. Nemo quos dolor sit molestiae."
468,100010001202600468,202600468,2026-01-06,46,15,3,1,2,3,2026-01-06 11:49:09,12.964633958839164,77.62701314208464,"Voluptatem odio eos error.
Facilis fuga alias amet odit numquam. Quo tenetur quidem impedit repellat harum.
Corporis maxime possimus nesciunt."
469,100010001202400469,202400469,2024-05-10,12,15,2,1,5,3,2024-05-10 13:54:51,13.000821846568082,77.63152602452134,"Eaque occaecati tempore. Est sed ut.
Asperiores ut accusamus vitae nihil. Aliquam veritatis deleniti quod labore dolor."
470,100010001202400470,202400470,2024-04-09,10,13,3,1,5,4,2024-04-06 13:15:41,13.004635175264285,77.57472195403504,Repudiandae exercitationem voluptatum vero. Facilis repudiandae labore consectetur laboriosam dolorem maiores. Nobis voluptas totam vitae perspiciatis.
471,100010001202600471,202600471,2026-07-01,46,14,3,2,2,4,2026-06-27 01:38:56,13.017915588510856,77.54859698196496,"Aut atque ipsam minima expedita rerum. Commodi at quam laboriosam. Ullam quis earum quaerat enim.
Aut eum dignissimos sed molestiae dignissimos."
472,100060001202500472,202500472,2025-09-22,43,62,2,2,4,3,2025-09-20 01:56:53,17.37678034491711,76.84093446668759,Aliquam voluptatibus eveniet officia incidunt deserunt. Voluptas soluta dolore ullam culpa dignissimos vel illo. Ea non fugiat. Libero reprehenderit illum expedita accusantium molestiae animi hic.
473,100010001202400473,202400473,2024-03-17,40,14,1,1,2,1,2024-03-15 14:53:28,12.959870957939675,77.55900326412572,"Cum alias occaecati nemo. Consequatur laudantium ratione.
Odio occaecati dignissimos aliquam. Impedit suscipit earum.
Rerum deleniti sed sit totam."
474,100030001202500474,202500474,2025-05-27,3,32,3,1,2,1,2025-05-25 22:27:24,15.384024126312404,75.13530411524319,"Minus asperiores qui. Doloribus nostrum hic vitae neque explicabo.
Quas culpa facilis nemo. Similique sequi tempore quam saepe quidem."
475,100010001202300475,202300475,2023-11-03,37,11,3,1,5,3,2023-11-02 06:22:59,12.978206946228374,77.55535996529777,Nulla atque iusto cum praesentium atque ratione quasi. Perspiciatis maiores quo odio fuga distinctio odit. Porro debitis neque nihil fuga ad placeat.
476,100010001202300476,202300476,2023-10-25,1,11,1,1,2,4,2023-10-25 17:51:47,13.00743814796554,77.5592927367121,"Saepe ullam quasi debitis facilis rem et. Possimus odit vero suscipit laborum mollitia. Tenetur sint quos earum.
Id repellendus quia maiores blanditiis cum ipsum."
477,100010001202300477,202300477,2023-03-07,12,15,1,1,3,3,2023-03-05 20:16:10,12.994654601465772,77.63345826830464,Quo vero aliquid magnam maiores quaerat harum tempore. Tempora pariatur placeat illo. Alias odio qui officiis quia libero eaque ut.
478,100010001202300478,202300478,2023-10-02,32,14,1,2,2,4,2023-09-29 08:35:42,12.945630030995622,77.5659225336083,"Est cupiditate assumenda. Adipisci cum excepturi est deserunt iste unde.
Ab quis laudantium. Atque corrupti aliquid quae.
Aperiam doloribus eaque."
479,100020001202500479,202500479,2025-10-04,17,23,2,2,1,3,2025-10-04 12:42:13,12.307070816043712,76.64290105506419,"Qui esse et a.
Ad cumque facere corrupti placeat facere reiciendis. Placeat accusantium quam ipsam laudantium. Quaerat laboriosam voluptates inventore."
480,100020001202400480,202400480,2024-03-08,8,21,3,1,2,1,2024-03-03 15:45:32,12.279512084048635,76.66294024053325,Delectus veritatis architecto nesciunt ad quo veritatis. Quis fuga velit ea exercitationem placeat. Atque unde cumque.
481,100010001202300481,202300481,2023-11-26,1,13,2,2,3,3,2023-11-21 00:33:01,12.995794733521308,77.61807614811862,"Maxime modi dolorem consectetur sit est cum. Magni impedit hic atque atque nesciunt dignissimos.
Laudantium est a quam ipsa. Neque impedit cupiditate unde. Iusto vel numquam porro quasi."
482,100050001202400482,202400482,2024-05-15,7,54,2,2,5,3,2024-05-11 22:03:55,15.839832281471653,74.52951693519032,"Fuga quibusdam repellendus quibusdam ea accusantium.
Magnam officia eaque velit hic. Iure iusto sint culpa necessitatibus harum id recusandae."
483,100010001202300483,202300483,2023-09-25,50,15,3,1,3,1,2023-09-20 04:15:57,12.95738433862221,77.55007089008784,"Rem dignissimos suscipit sunt adipisci ut. Harum quos iusto natus ut est veniam.
Nesciunt consectetur in voluptatibus quos. Quo quas commodi vel."
484,100010001202400484,202400484,2024-11-06,30,13,3,2,2,1,2024-11-06 07:04:05,13.000902314468131,77.61877703792304,Esse impedit tempore adipisci commodi voluptate. Mollitia tenetur porro saepe amet sequi tenetur. Quibusdam pariatur quasi tenetur repellat.
485,100010001202300485,202300485,2023-05-19,31,12,3,1,4,4,2023-05-15 08:10:26,12.991617227541521,77.62401178486984,Laboriosam aliquam nisi quidem minus eaque. Ipsam commodi quaerat explicabo ipsa dicta quasi officiis. Iusto ex incidunt dolores nobis. Nemo aliquam possimus vero id dolores.
486,100050001202300486,202300486,2023-06-12,21,55,3,1,3,2,2023-06-08 20:12:14,15.887068300398552,74.46314998760472,Commodi odio non culpa accusamus quas praesentium vero. Inventore sed beatae adipisci vel ullam.
487,100010001202400487,202400487,2024-05-24,39,14,2,2,5,3,2024-05-19 18:02:05,13.00943333145961,77.55069000237731,Esse aliquam dolore iste. Sed voluptatum quod amet recusandae. Tempore autem dolor eaque provident numquam quia.
488,100020001202400488,202400488,2024-09-30,9,21,1,1,2,2,2024-09-29 09:31:56,12.278171693991057,76.59628687314218,"Non consectetur sit incidunt. Dolore et consequuntur in.
Aliquam perspiciatis aspernatur officiis odio voluptates. Suscipit aut nostrum incidunt."
489,100010001202300489,202300489,2023-09-10,31,13,1,1,3,1,2023-09-05 20:41:57,13.000939619589186,77.6175826498594,Sequi magni nemo accusamus. Doloribus occaecati consequuntur libero. Iusto blanditiis alias nostrum porro.
490,100010001202300490,202300490,2023-06-27,18,14,3,2,3,2,2023-06-24 21:19:16,12.960392492998723,77.5556082297108,Suscipit perspiciatis consectetur asperiores harum nesciunt magni. Recusandae minima facilis aliquid. Odio nemo quo blanditiis soluta placeat ab occaecati. Necessitatibus magni nisi ipsa.
491,100060001202500491,202500491,2025-12-08,50,65,1,1,2,4,2025-12-06 23:07:00,17.297304567879873,76.80247812264949,"Occaecati fugiat dolor architecto qui veritatis praesentium mollitia. Sed tenetur debitis quo.
Autem totam praesentium sit. Animi doloribus facere accusamus minima. Iste atque dolore."
492,100060001202500492,202500492,2025-04-23,32,61,3,1,2,2,2025-04-21 10:44:21,17.319169212735083,76.87039741527019,"Facilis unde praesentium ea unde id. Minima est modi saepe.
Quae necessitatibus in sint.
Cupiditate sed vel blanditiis. Magni adipisci cumque dicta. Voluptates amet soluta assumenda."
493,100010001202600493,202600493,2026-03-27,12,15,1,1,5,1,2026-03-23 18:56:36,12.941706925071765,77.63009464578963,"Vitae autem neque. Illo quae voluptatibus consequatur explicabo accusantium mollitia. Aliquam itaque ducimus deleniti.
Illo soluta laborum vel. Ex iusto quaerat molestiae ea esse."
494,100010001202300494,202300494,2023-10-01,41,11,2,2,4,2,2023-09-29 03:27:50,12.965694425530687,77.56067027780603,"Illum asperiores debitis. Molestiae iure voluptatum maiores totam.
Iure dolore nulla dolores veritatis ea facilis. Aliquid dolore quis tempore nemo debitis reiciendis."
495,100010001202400495,202400495,2024-04-28,1,13,2,1,2,1,2024-04-25 22:04:14,12.992169201742454,77.6402545603995,Aperiam accusamus quisquam ipsam architecto. Voluptatum repellat veniam maiores. Mollitia totam magnam ex ab eaque vel.
496,100010001202500496,202500496,2025-08-20,46,11,1,2,2,1,2025-08-19 03:52:33,12.941612951217257,77.63991042618402,Accusantium quis sapiente beatae vitae ipsa maiores nihil. Doloribus quo nisi eos molestias nostrum explicabo. Ut voluptates incidunt provident laudantium consequuntur.
497,100070001202600497,202600497,2026-06-20,47,73,3,2,5,1,2026-06-19 19:29:48,14.500974865098675,75.88579690479041,"Laborum occaecati voluptatum.
Enim fuga consequatur repellendus. Similique error alias assumenda cum."
498,100010001202600498,202600498,2026-04-14,19,14,1,2,4,4,2026-04-14 07:06:48,13.009423671276728,77.58456582581043,"Quasi quaerat nihil porro.
Sapiente quasi occaecati accusantium quia. Odio necessitatibus tempora cumque aspernatur."
499,100010001202500499,202500499,2025-07-21,39,11,1,2,2,1,2025-07-19 12:29:09,12.961396029978564,77.62815743995755,"Iure quisquam provident blanditiis. Suscipit numquam dolore labore recusandae.
Odit suscipit ea rerum nostrum. Ex quidem repellendus vel doloribus. Reiciendis modi maiores."
500,100010001202400500,202400500,2024-10-19,7,15,1,1,2,2,2024-10-19 17:09:49,12.923929345703215,77.55914271524767,"Ipsum culpa eligendi facere. Porro autem nulla hic.
Repellat quae aliquid quo quae mollitia maxime. Quis harum voluptates facere provident."
